poem,idx,stanza,line,clause,rhyme_chars,rhyme_pos,rhyme_ids
1,1,1,1,关关雎鸠,鳩,4,1-a
1,2,1,1,在河之洲,洲,4,1-a
1,3,1,2,窈宨淑女,,,
1,4,1,2,君子好逑,逑,4,1-a
1,5,2,1,参差荇菜,,,
1,6,2,1,左右流之,流,3,1-a
1,7,2,2,窈宨淑女,,,
1,8,2,2,寤寐求之,求,3,1-a
1,9,3,1,求之不得,得,4,1-a
1,10,3,1,寤寐思服,服,4,1-a
1,11,3,2,悠哉悠哉,哉,4,1-a
1,12,3,2,辗转反侧,側,4,1-a
1,13,4,1,参差荇菜,,,
1,14,4,1,左右采之,采,3,1-a
1,15,4,2,窈宨淑女,,,
1,16,4,2,琴瑟友之,友,3,1-a
1,17,5,1,参差荇菜,,,
1,18,5,1,左右芼之,芼,3,1-a
1,19,5,2,窈宨淑女,,,
1,20,5,2,钟鼓乐之,樂,3,1-a
2,1,1,1,葛之覃兮,,,
2,2,1,1,施于中谷,谷,4,2-a
2,3,1,2,维叶萋萋,萋,4,2-b
2,4,1,2,黄鸟于飞,飛,4,2-b
2,5,1,3,集于灌木,木,4,2-a
2,6,1,3,其鸣喈喈,喈,4,2-b
2,7,2,1,葛之覃兮,,,
2,8,2,1,施于中谷,,,
2,9,2,2,维叶莫莫,莫,4,2-a
2,10,2,2,是刈是濩,濩,4,2-a
2,11,2,3,为为绤,綌,4,2-a
2,12,2,3,服之无斁,斁,4,2-a
2,13,3,1,言告师氏,,,
2,14,3,1,言告言归,歸,4,2-a
2,15,3,2,薄污我私,私,4,2-a
2,16,3,2,薄澣我衣,衣,4,2-a
2,17,3,3,害澣害否,否,4,2-b
2,18,3,3,归宁父母,母,4,2-b
3,1,1,1,采采卷耳,,,
3,2,1,1,不盈顷筐,筐,4,3-a
3,3,1,2,嗟我怀人,,,
3,4,1,2,寘彼周行,行,4,3-a
3,5,2,1,陟彼崔嵬,崔嵬,3 4,3-a|3-a
3,6,2,1,我马虺,虺隤,3 4,3-a|3-a
3,7,2,2,我姑酌彼金罍,罍,6,3-a
3,8,2,2,维以不永怀,懷,5,3-a
3,9,3,1,陟彼高冈,岡,4,3-a
3,10,3,1,我马玄黄,黃,4,3-a
3,11,3,2,我姑酌彼兕觥,觥,6,3-a
3,12,3,2,维以不永伤,傷,5,3-a
3,13,4,1,陟彼砠矣,砠,3,3-a
3,14,4,1,我马瘏矣,瘏,3,3-a
3,15,4,1,我仆痡矣,痡,3,3-a
3,16,4,1,云何吁矣,吁,3,3-a
4,1,1,1,南有樛木,,,
4,2,1,1,葛藟累之,纍,3,4-a
4,3,1,2,乐只君子,,,
4,4,1,2,福履绥之,綏,3,4-a
4,5,2,1,南有樛木,,,
4,6,2,1,葛藟荒之,荒,3,4-a
4,7,2,2,乐只君子,,,
4,8,2,2,福履将之,將,3,4-a
4,9,3,1,南有樛木,,,
4,10,3,1,葛藟萦之,縈,3,4-a
4,11,3,2,乐只君子,,,
4,12,3,2,福履成之,成,3,4-a
5,1,1,1,螽斯羽,,,
5,2,1,1,诜诜兮,詵詵,1 2,5-a|5-a
5,3,1,2,宜尔子孙,,,
5,4,1,2,振振兮,振振,1 2,5-a|5-a
5,5,2,1,螽斯羽,,,
5,6,2,1,薨薨兮,薨薨,1 2,5-a|5-a
5,7,2,2,宜尔子孙,,,
5,8,2,2,绳绳兮,繩繩,1 2,5-a|5-a
5,9,3,1,螽斯羽,,,
5,10,3,1,揖揖兮,揖揖,1 2,5-a|5-a
5,11,3,2,宜尔子孙,,,
5,12,3,2,蛰蛰兮,蟄蟄,1 2,5-a|5-a
6,1,1,1,桃之夭夭,,,
6,2,1,1,灼灼其华,華,4,6-a
6,3,1,2,之子于归,,,
6,4,1,2,宜其室家,家,4,6-a
6,5,2,1,桃之夭夭,,,
6,6,2,1,有蕡其实,實,4,6-a
6,7,2,2,之子于归,,,
6,8,2,2,宜其家室,室,4,6-a
6,9,3,1,桃之夭夭,,,
6,10,3,1,其叶蓁蓁,蓁,4,6-a
6,11,3,2,之子于归,,,
6,12,3,2,宜其家人,人,4,6-a
7,1,1,1,肃肃兔罝,罝,4,7-a
7,2,1,1,椓之丁丁,丁,4,7-b
7,3,1,2,赳赳武夫,夫,4,7-a
7,4,1,2,公侯干城,城,4,7-b
7,5,2,1,肃肃兔罝,罝,4,7-a
7,6,2,1,施于中逵,逵,4,7-b
7,7,2,2,赳赳武夫,夫,4,7-a
7,8,2,2,公侯好仇,仇,4,7-b
7,9,3,1,肃肃兔罝,罝,4,7-a
7,10,3,1,施于中林,林,4,7-b
7,11,3,2,赳赳武夫,夫,4,7-a
7,12,3,2,公侯腹心,心,4,7-b
8,1,1,1,采采芣苢,,,
8,2,1,1,薄言采之,采,3,8-a
8,3,1,2,采采芣苢,,,
8,4,1,2,薄言有之,有,3,8-a
8,5,2,1,采采芣苢,,,
8,6,2,1,薄言掇之,掇,3,8-a
8,7,2,2,采采芣苢,,,
8,8,2,2,薄言捋之,捋,3,8-a
8,9,3,1,采采芣苢,,,
8,10,3,1,薄言袺之,袺,3,8-a
8,11,3,2,采采芣苢,,,
8,12,3,2,薄言襭之,襭,3,8-a
9,1,1,1,南有乔木,,,
9,2,1,1,不可休息,休息,3 4,9-a|9-d
9,3,1,2,汉有游女,,,
9,4,1,2,不可求思,求思,3 4,9-a|9-d
9,5,1,3,汉之广矣,廣,3,9-b
9,6,1,3,不可泳思,泳思,3 4,9-c|9-d
9,7,1,4,江之永矣,永,3,9-b
9,8,1,4,不可方思,方思,3 4,9-c|9-d
9,9,2,1,翘翘错薪,,,
9,10,2,1,言刈其楚,楚,4,9-a
9,11,2,2,之子于归,,,
9,12,2,2,言秣其马,馬,4,9-a
9,13,2,3,汉之广矣,廣,3,9-b
9,14,2,3,不可泳思,泳,3,9-c
9,15,2,4,江之永矣,永,3,9-b
9,16,2,4,不可方思,方,3,9-c
9,17,3,1,翘翘错薪,,,
9,18,3,1,言刈其蒌,蔞,4,9-a
9,19,3,2,之子于归,,,
9,20,3,2,言秣其驹,駒,4,9-a
9,21,3,3,汉之广矣,廣,3,9-b
9,22,3,3,不可泳思,泳,3,9-c
9,23,3,4,江之永矣,永,3,9-b
9,24,3,4,不可方思,方,3,9-c
10,1,1,1,遵彼汝坟,,,
10,2,1,1,伐其条枚,枚,4,10-a
10,3,1,2,未见君子,,,
10,4,1,2,惄如调饥,飢,4,10-a
10,5,2,1,遵彼汝坟,,,
10,6,2,1,伐其条肄,肄,4,10-a
10,7,2,2,既见君子,,,
10,8,2,2,不我遐弃,棄,4,10-a
10,9,3,1,鲂鱼赪尾,尾,4,10-a
10,10,3,1,王室如毁,燬,4,10-a
10,11,3,2,虽则如毁,燬,4,10-a
10,12,3,2,父母孔迩,邇,4,10-a
11,1,1,1,麟之趾,趾,3,11-a
11,2,1,1,振振公子,子,4,11-a
11,3,1,2,于嗟麟兮,,,
11,4,2,1,麟之定,定,3,11-a
11,5,2,1,振振公姓,姓,4,11-a
11,6,2,2,于嗟麟兮,,,
11,7,3,1,麟之角,角,3,11-a
11,8,3,1,振振公族,族,4,11-a
11,9,3,2,于嗟麟兮,,,
12,1,1,1,维鹊有巢,,,
12,2,1,1,维鸠居之,居,3,12-a
12,3,1,2,之子于归,,,
12,4,1,2,百两御之,御,3,12-a
12,5,2,1,维鹊有巢,,,
12,6,2,1,维鸠方之,方,3,12-a
12,7,2,2,之子于归,,,
12,8,2,2,百两将之,將,3,12-a
12,9,3,1,维鹊有巢,,,
12,10,3,1,维鸠盈之,盈,3,12-a
12,11,3,2,之子于归,,,
12,12,3,2,百两成之,成,3,12-a
13,1,1,1,于以采蘩,,,
13,2,1,1,于沼于沚,沚,4,13-a
13,3,1,2,于以用之,,,
13,4,1,2,公侯之事,事,4,13-a
13,5,2,1,于以采蘩,,,
13,6,2,1,于涧之中,中,4,13-a
13,7,2,2,于以用之,,,
13,8,2,2,公侯之宫,宮,4,13-a
13,9,3,1,被之僮僮,僮,4,13-a
13,10,3,1,夙夜在公,公,4,13-a
13,11,3,2,被之祁祁,祁祁,3 4,13-b|13-b
13,12,3,2,薄言还归,還歸,3 4,13-b|13-b
14,1,1,1,喓喓草虫,蟲,4,14-a
14,2,1,1,趯趯阜螽,螽,4,14-a
14,3,1,2,未见君子,子,4,14-b
14,4,1,2,忧心忡忡,忡,4,14-a
14,5,1,3,亦既见止,止,4,14-b
14,6,1,3,亦既觏止,止,4,14-b
14,7,1,3,我心则降,降,4,14-a
14,8,2,1,陟彼南山,,,
14,9,2,1,言采其蕨,蕨,4,14-a
14,10,2,2,未见君子,子,4,14-b
14,11,2,2,忧心惙惙,惙,4,14-a
14,12,2,3,亦既见止,止,4,14-b
14,13,2,3,亦既觏止,止,4,14-b
14,14,2,3,我心则说,說,4,14-a
14,15,3,1,陟彼南山,,,
14,16,3,1,言采其薇,薇,4,14-a
14,17,3,2,未见君子,子,4,14-b
14,18,3,2,我心伤悲,悲,4,14-a
14,19,3,3,亦既见止,止,4,14-b
14,20,3,3,亦既觏止,止,4,14-b
14,21,3,3,我心则夷,夷,4,14-a
15,1,1,1,于以采苹,蘋,4,15-a
15,2,1,1,南涧之滨,濱,4,15-a
15,3,1,2,于以采藻,藻,4,15-b
15,4,1,2,于彼行潦,潦,4,15-b
15,5,2,1,于以盛之,盛,3,15-b
15,6,2,1,维筐及筥,筥,4,15-a
15,7,2,2,于以湘之,湘,3,15-b
15,8,2,2,维锜及釜,釜,4,15-a
15,9,3,1,于以奠之,奠,3,15-b
15,10,3,1,宗室牖下,下,4,15-a
15,11,3,2,谁起尸之,尸,3,15-b
15,12,3,2,有齐季女,女,4,15-a
16,1,1,1,蔽芾甘棠,,,
16,2,1,1,勿翦勿伐,伐,4,16-a
16,3,1,1,召伯所茇,茇,4,16-a
16,4,2,1,蔽芾甘棠,,,
16,5,2,1,勿翦勿败,敗,4,16-a
16,6,2,1,召伯所憩,憩,4,16-a
16,7,3,1,蔽芾甘棠,,,
16,8,3,1,勿翦勿拜,拜,4,16-a
16,9,3,1,召伯所说,說,4,16-a
17,1,1,1,厌浥行露,露,4,17-a
17,2,1,1,岂不夙夜,夜,4,17-a
17,3,1,1,谓行多露,露,4,17-a
17,4,2,1,谁谓雀无角,角,5,17-a
17,5,2,1,何以穿我屋,屋,5,17-a
17,6,2,2,谁谓女无家,,,
17,7,2,2,何以速我狱,獄,5,17-a
17,8,2,3,虽速我狱,獄,4,17-a
17,9,2,3,室家不足,足,4,17-a
17,10,3,1,谁谓鼠无牙,牙,5,17-a
17,11,3,1,何以穿我墉,墉,5,17-b
17,12,3,2,谁谓女无家,家,5,17-a
17,13,3,2,何以速我讼,訟,5,17-b
17,14,3,3,虽速我讼,訟,4,17-b
17,15,3,3,亦不女从,從,4,17-b
18,1,1,1,羔羊之皮,皮,4,18-a
18,2,1,1,素丝五紽,紽,4,18-a
18,3,1,2,退食自公,,,
18,4,1,2,委蛇委蛇,蛇,4,18-a
18,5,2,1,羔羊之革,革,4,18-a
18,6,2,1,素丝五緎,緎,4,18-a
18,7,2,2,委蛇委蛇,,,
18,8,2,2,自公退食,食,4,18-a
18,9,3,1,羔羊之缝,縫,4,18-a
18,10,3,1,素丝五总,總,4,18-a
18,11,3,2,委蛇委蛇,,,
18,12,3,2,退食自公,公,4,18-a
19,1,1,1,殷其靁,,,
19,2,1,1,在南山之阳,陽,5,19-a
19,3,1,2,何斯违斯,,,
19,4,1,2,莫敢或遑,遑,4,19-a
19,5,1,3,振振君子,子,4,19-b
19,6,1,3,归哉归哉,哉,4,19-b
19,7,2,1,殷其靁,,,
19,8,2,1,在南山之侧,側,5,19-a
19,9,2,2,何斯违斯,,,
19,10,2,2,莫敢遑息,息,4,19-a
19,11,2,3,振振君子,子,4,19-b
19,12,2,3,归哉归哉,哉,4,19-b
19,13,3,1,殷其靁,,,
19,14,3,1,在南山之下,下,5,19-a
19,15,3,2,何斯违斯,,,
19,16,3,2,莫敢遑处,處,4,19-a
19,17,3,3,振振君子,子,4,19-b
19,18,3,3,归哉归哉,哉,4,19-b
20,1,1,1,摽有梅,梅,3,20-b
20,2,1,1,其实七兮,七,3,20-a
20,3,1,2,求我庶士,士,4,20-b
20,4,1,2,迨其吉兮,吉,3,20-a
20,5,2,1,摽有梅,梅,3,20-b
20,6,2,1,其实三兮,三,3,20-a
20,7,2,2,求我庶士,士,4,20-b
20,8,2,2,迨其今兮,今,3,20-a
20,9,3,1,摽有梅,梅,3,20-b
20,10,3,1,顷筐塈之,塈,3,20-a
20,11,3,2,求我庶士,士,4,20-b
20,12,3,2,迨其谓之,謂,3,20-a
21,1,1,1,嘒彼小星,星,4,21-a
21,2,1,1,三五在东,東,4,21-b
21,3,1,2,肃肃宵征,征,4,21-a
21,4,1,2,夙夜在公,公,4,21-b
21,5,1,2,寔命不同,同,4,21-b
21,6,2,1,嘒彼小星,星,4,21-a
21,7,2,1,维参与昴,昴,4,21-b
21,8,2,2,肃肃宵征,征,4,21-a
21,9,2,2,抱衾与裯,裯,4,21-b
21,10,2,2,寔命不犹,猶,4,21-b
22,1,1,1,江有汜,汜,3,22-a
22,2,1,1,之子归,,,
22,3,1,1,不我以,以,3,22-a
22,4,1,2,不我以,以,3,22-a
22,5,1,2,其后也悔,悔,4,22-a
22,6,2,1,江有渚,渚,3,22-a
22,7,2,1,之子归,,,
22,8,2,1,不我与,與,3,22-a
22,9,2,2,不我与,與,3,22-a
22,10,2,2,其后也处,處,4,22-a
22,11,3,1,江有沱,沱,3,22-a
22,12,3,1,之子归,,,
22,13,3,1,不我过,過,3,22-a
22,14,3,2,不我过,過,3,22-a
22,15,3,2,其啸也歌,歌,4,22-a
23,1,1,1,野有死麇,麇,4,23-a
23,2,1,1,白茅包之,包,3,23-b
23,3,1,2,有女怀春,春,4,23-a
23,4,1,2,吉士诱之,誘,3,23-b
23,5,2,1,林有朴樕,樕,4,23-a
23,6,2,1,野有死鹿,鹿,4,23-a
23,7,2,2,白茅纯束,束,4,23-a
23,8,2,2,有女如玉,玉,4,23-a
23,9,3,1,舒而脱脱兮,脫,4,23-a
23,10,3,1,无感我帨兮,帨,4,23-a
23,11,3,1,无使尨也吠,吠,5,23-a
24,1,1,1,何彼襛矣,,,
24,2,1,1,唐棣之华,華,4,24-a
24,3,1,2,曷不肃雝,,,
24,4,1,2,王姬之车,車,4,24-a
24,5,2,1,何彼襛矣,,,
24,6,2,1,华如桃李,李,4,24-a
24,7,2,2,平王之孙,,,
24,8,2,2,齐侯之子,子,4,24-a
24,9,3,1,其钓维何,,,
24,10,3,1,维丝伊缗,緡,4,24-a
24,11,3,2,齐侯之子,,,
24,12,3,2,平王之孙,孫,4,24-a
25,1,1,1,彼茁者葭,葭,4,25-a
25,2,1,1,壹发五豝,豝,4,25-a
25,3,1,2,于嗟乎驺虞,虞,5,25-a
25,4,2,1,彼茁者蓬,蓬,4,25-a
25,5,2,1,壹发五,豵,4,25-a
25,6,2,2,于嗟乎驺虞,,,
26,1,1,1,泛彼柏舟,舟,4,26-a
26,2,1,1,亦泛其流,流,4,26-a
26,3,1,2,耿耿不寐,,,
26,4,1,2,如有隐忧,憂,4,26-a
26,5,1,3,微我无酒,酒,4,26-a
26,6,1,3,以敖以游,遊,4,26-a
26,7,2,1,我心匪鉴,,,
26,8,2,1,不可以茹,茹,4,26-a
26,9,2,2,亦有兄弟,,,
26,10,2,2,不可以据,據,4,26-a
26,11,2,3,薄言往愬,愬,4,26-a
26,12,2,3,逢彼之怒,怒,4,26-a
26,13,3,1,我心匪石,石,4,26-a
26,14,3,1,不可转也,轉,3,26-b
26,15,3,2,我心匪席,席,4,26-a
26,16,3,2,不可卷也,卷,3,26-b
26,17,3,3,威仪棣棣,,,
26,18,3,3,不可选也,選,3,26-b
26,19,4,1,忧心悄悄,悄,4,26-a
26,20,4,1,愠于群小,小,4,26-a
26,21,4,2,觏闵既多,多,4,26-a
26,22,4,2,受侮不少,少,4,26-a
26,23,4,3,静言思之,,,
26,24,4,3,寤辟有摽,摽,4,26-a
26,25,5,1,日居月诸,,,
26,26,5,1,胡迭而微,微,4,26-a
26,27,5,2,心之忧矣,矣,4,26-b
26,28,5,2,如匪澣衣,衣,4,26-a
26,29,5,3,静言思之,之,4,26-b
26,30,5,3,不能奋飞,飛,4,26-a
27,1,1,1,绿兮衣兮,,,
27,2,1,1,绿兮黄里,裏,4,27-a
27,3,1,2,心之忧矣,,,
27,4,1,2,曷维其已,已,4,27-a
27,5,2,1,绿兮衣兮,,,
27,6,2,1,绿兮黄裳,裳,4,27-a
27,7,2,2,心之忧矣,,,
27,8,2,2,曷维其亡,亡,4,27-a
27,9,3,1,绿兮丝兮,絲,3,27-a
27,10,3,1,女所治兮,治,3,27-a
27,11,3,2,我思古人,,,
27,12,3,2,俾无訧兮,訧,3,27-a
27,13,4,1,稀兮绤兮,,,
27,14,4,1,凄其以风,風,4,27-a
27,15,4,2,我思古人,,,
27,16,4,2,实获我心,心,4,27-a
28,1,1,1,燕燕于飞,飛,4,28-a
28,2,1,1,差池其羽,羽,4,28-b
28,3,1,2,之子于归,歸,4,28-a
28,4,1,2,远送于野,野,4,28-b
28,5,1,3,瞻望弗及,及,4,28-a
28,6,1,3,泣涕如雨,雨,4,28-b
28,7,2,1,燕燕于飞,飛,4,28-a
28,8,2,1,颉之颃之,頏,3,28-b
28,9,2,2,之子于归,歸,4,28-a
28,10,2,2,远于将之,將,3,28-b
28,11,2,3,瞻望弗及,及,4,28-a
28,12,2,3,伫立以泣,泣,4,28-a
28,13,3,1,燕燕于飞,飛,4,28-a
28,14,3,1,下上其音,音,4,28-b
28,15,3,2,之子于归,歸,4,28-a
28,16,3,2,远送于南,南,4,28-b
28,17,3,3,瞻望弗及,及,4,28-a
28,18,3,3,实劳我心,心,4,28-b
28,19,4,1,仲氏任只,,,
28,20,4,1,其心塞渊,淵,4,28-a
28,21,4,2,终温且惠,,,
28,22,4,2,淑慎其身,身,4,28-a
28,23,4,3,先君之思,,,
28,24,4,3,以勗寡人,人,4,28-a
29,1,1,1,日居月诸,,,
29,2,1,1,照临下土,土,4,29-a
29,3,1,2,乃如之人兮,,,
29,4,1,2,逝不古处,處,4,29-a
29,5,1,3,胡能有定,,,
29,6,1,3,宁不我顾,顧,4,29-a
29,7,2,1,日居月诸,,,
29,8,2,1,下土是冒,冒,4,29-a
29,9,2,2,乃如之人兮,,,
29,10,2,2,逝不相好,好,4,29-a
29,11,2,3,胡能有定,,,
29,12,2,3,宁不我报,報,4,29-a
29,13,3,1,日居月诸,,,
29,14,3,1,出自东方,方,4,29-a
29,15,3,2,乃如之人兮,,,
29,16,3,2,德音无良,良,4,29-a
29,17,3,3,胡能有定,,,
29,18,3,3,俾也可忘,忘,4,29-a
29,19,4,1,日居月诸,,,
29,20,4,1,东方自出,出,4,29-a
29,21,4,2,父兮母兮,,,
29,22,4,2,畜我不卒,卒,4,29-a
29,23,4,3,胡能有定,,,
29,24,4,3,报我不述,述,4,29-a
30,1,1,1,终风且暴,暴,4,30-a
30,2,1,1,顾我则笑,笑,4,30-a
30,3,1,2,谑浪笑敖,敖,4,30-a
30,4,1,2,中心是悼,悼,4,30-a
30,5,2,1,终风且霾,霾,4,30-a
30,6,2,1,惠然肯来,來,4,30-a
30,7,2,2,莫往莫来,來,4,30-a
30,8,2,2,悠悠我思,思,4,30-a
30,9,3,1,终风且曀,曀,4,30-a
30,10,3,1,不日有曀,曀,4,30-a
30,11,3,2,寤言不寐,寐,4,30-a
30,12,3,2,愿言则嚏,嚏,4,30-a
30,13,4,1,曀曀其阴,,,
30,14,4,1,虺虺其靁,靁,4,30-a
30,15,4,2,寤言不寐,,,
30,16,4,2,愿言则怀,懷,4,30-a
31,1,1,1,击鼓其镗,鏜,4,31-a
31,2,1,1,踊跃用兵,兵,4,31-a
31,3,1,2,土国城漕,,,
31,4,1,2,我独南行,行,4,31-a
31,5,2,1,从孙子仲,仲,4,31-a
31,6,2,1,平陈与宋,宋,4,31-a
31,7,2,2,不我以归,,,
31,8,2,2,忧心有忡,忡,4,31-a
31,9,3,1,爰居爰处,處,4,31-a
31,10,3,1,爰丧其马,馬,4,31-a
31,11,3,2,于以求之,,,
31,12,3,2,于林之下,下,4,31-a
31,13,4,1,死生契阔,闊,4,31-a
31,14,4,1,与子成说,說,4,31-a
31,15,4,2,执子之手,手,4,31-b
31,16,4,2,与子偕老,老,4,31-b
31,17,5,1,于嗟阔兮,闊,3,31-a
31,18,5,1,不我活兮,活,3,31-a
31,19,5,2,于嗟洵兮,洵,3,31-b
31,20,5,2,不我信兮,信,3,31-b
32,1,1,1,凯风自南,南,4,32-a
32,2,1,1,吹彼棘心,心,4,32-a
32,3,1,2,棘心夭夭,夭,4,32-b
32,4,1,2,母氏劬劳,勞,4,32-b
32,5,2,1,凯风自南,,,
32,6,2,1,吹彼棘薪,薪,4,32-a
32,7,2,2,母氏圣善,,,
32,8,2,2,我无令人,人,4,32-a
32,9,3,1,爰有寒泉,,,
32,10,3,1,在浚之下,下,4,32-a
32,11,3,2,有子七人,,,
32,12,3,2,母氏劳苦,苦,4,32-a
32,13,4,1,睆黄鸟,,,
32,14,4,1,载好其音,音,4,32-a
32,15,4,2,有子其人,,,
32,16,4,2,莫慰母心,心,4,32-a
33,1,1,1,雄雉于飞,,,
33,2,1,1,泄泄其羽,羽,4,33-a
33,3,1,2,我之怀矣,,,
33,4,1,2,自诒伊阻,阻,4,33-a
33,5,2,1,雄雉于飞,,,
33,6,2,1,下上其音,音,4,33-a
33,7,2,2,展矣君子,,,
33,8,2,2,实劳我心,心,4,33-a
33,9,3,1,瞻彼日月,,,
33,10,3,1,悠悠我思,思,4,33-a
33,11,3,2,道之云远,,,
33,12,3,2,曷云能来,來,4,33-a
33,13,4,1,百尔君子,,,
33,14,4,1,不知德行,行,4,33-a
33,15,4,2,不忮不求,,,
33,16,4,2,何用不臧,臧,4,33-a
34,1,1,1,匏有苦叶,葉,4,34-a
34,2,1,1,济有深涉,涉,4,34-a
34,3,1,2,深则厉,厲,3,34-b
34,4,1,2,浅则揭,揭,3,34-b
34,5,2,1,有弥济盈,盈,4,34-a
34,6,2,1,有鷕雉鸣,鳴,4,34-a
34,7,2,2,济盈不濡轨,軌,5,34-b
34,8,2,2,雉鸣求起牡,牡,5,34-b
34,9,3,1,雝雝鸣雁,鴈,4,34-a
34,10,3,1,旭日始旦,旦,4,34-a
34,11,3,2,士如归妻,,,
34,12,3,2,迨冰未泮,泮,4,34-a
34,13,4,1,招招舟子,子,4,34-a
34,14,4,1,人涉卬否,否,4,34-a
34,15,4,2,人涉卬否,否,4,34-a
34,16,4,2,卬须我友,友,4,34-a
35,1,1,1,习习谷风,風,4,35-a
35,2,1,1,以阴以雨,雨,4,35-b
35,3,1,2,黾勉同心,心,4,35-a
35,4,1,2,不宜有怒,怒,4,35-b
35,5,1,3,采封采菲,菲,4,35-c
35,6,1,3,无以下体,體,4,35-d
35,7,1,4,德音莫违,違,4,35-c
35,8,1,4,及尔同死,死,4,35-d
35,9,2,1,行道迟迟,遲,4,35-a
35,10,2,1,中心有违,違,4,35-a
35,11,2,2,不远伊迩,,,
35,12,2,2,薄送我畿,畿,4,35-a
35,13,2,3,谁谓荼苦,,,
35,14,2,3,其甘如荠,薺,4,35-b
35,15,2,4,宴尔新昏,,,
35,16,2,4,如兄如弟,弟,4,35-b
35,17,3,1,泾以渭浊,,,
35,18,3,1,湜湜其沚,沚,4,35-a
35,19,3,2,宴尔新昏,,,
35,20,3,2,不我屑以,以,4,35-a
35,21,3,3,毋逝我梁,,,
35,22,3,3,毋发我笱,笱,4,35-b
35,23,3,4,我躬不阅,,,
35,24,3,4,遑恤我后,後,4,35-b
35,25,4,1,就其深矣,,,
35,26,4,1,方之舟之,舟,3,35-a
35,27,4,2,就其浅矣,,,
35,28,4,2,泳之游之,游,3,35-a
35,29,4,3,何有何亡,亡,4,35-b
35,30,4,3,黾勉求之,求,3,35-a
35,31,4,4,凡民有丧,喪,4,35-b
35,32,4,4,匍匐救之,救,3,35-a
35,33,5,1,不我能慉,,,
35,34,5,1,反以我为雠,讎,5,35-a
35,35,5,2,既阻我德,,,
35,36,5,2,贾用不售,售,4,35-a
35,37,5,3,昔育恐育鞫,鞫,5,35-b
35,38,5,3,及尔颠覆,覆,4,35-b
35,39,5,4,既生既育,育,4,35-b
35,40,5,4,比予于毒,毒,4,35-b
35,41,6,1,我有旨蓄,,,
35,42,6,1,亦以御冬,冬,4,35-a
35,43,6,2,宴尔新昏,,,
35,44,6,2,以我御穷,窮,4,35-a
35,45,6,3,有洸有溃,潰,4,35-b
35,46,6,3,既诒我肄,肄,4,35-b
35,47,6,4,不念昔者,,,
35,48,6,4,伊余来塈,塈,4,35-b
36,1,1,1,式微式微,微,4,36-a
36,2,1,1,胡不归,歸,3,36-a
36,3,1,2,微君之故,故,4,36-b
36,4,1,2,胡为乎中露,露,5,36-b
36,5,2,1,式微式微,微,4,36-a
36,6,2,1,胡不归,歸,3,36-a
36,7,2,2,微君之躬,躬,4,36-b
36,8,2,2,胡为乎泥中,中,5,36-b
37,1,1,1,旄丘之葛兮,,,
37,2,1,1,何诞之节兮,節,4,37-a
37,3,1,2,叔兮伯兮,,,
37,4,1,2,何多日也,日,3,37-a
37,5,2,1,何其处也,處,3,37-a
37,6,2,1,必有与也,與,3,37-a
37,7,2,2,何其久也,久,3,37-b
37,8,2,2,必有以也,以,3,37-b
37,9,3,1,狐裘蒙戎,戎,4,37-a
37,10,3,1,匪车不东,東,4,37-a
37,11,3,2,叔兮伯兮,,,
37,12,3,2,靡所与同,同,4,37-a
37,13,4,1,琐兮尾兮,,,
37,14,4,1,流离之子,子,4,37-a
37,15,4,2,叔兮伯兮,,,
37,16,4,2,褎如充耳,耳,4,37-a
38,1,1,1,简兮简兮,,,
38,2,1,1,方将万舞,舞,4,38-a
38,3,1,2,日之方中,,,
38,4,1,2,在前上处,處,4,38-a
38,5,1,3,硕人俣俣,俁,4,38-a
38,6,1,3,公庭万舞,舞,4,38-a
38,7,2,1,有力如虎,虎,4,38-a
38,8,2,1,执辔如组,組,4,38-a
38,9,2,2,左手执籥,籥,4,38-b
38,10,2,2,右手秉翟,翟,4,38-b
38,11,2,3,赫如渥赭,,,
38,12,2,3,公言锡爵,爵,4,38-b
38,13,3,1,山有榛,榛,3,38-a
38,14,3,1,隰有苓,苓,3,38-a
38,15,3,2,云谁之思,,,
38,16,3,2,西方美人,人,4,38-a
38,17,3,3,彼美人兮,人,3,38-a
38,18,3,3,西方之人兮,人,4,38-a
39,1,1,1,毖彼泉水,,,
39,2,1,1,亦流于淇,淇,4,39-a
39,3,1,2,有怀于卫,,,
39,4,1,2,靡日不思,思,4,39-a
39,5,1,3,娈彼诸姬,姬,4,39-a
39,6,1,3,聊与之谋,謀,4,39-a
39,7,2,1,出宿于泲,泲,4,39-a
39,8,2,1,饮饯于祢,禰,4,39-a
39,9,2,2,女子有行,,,
39,10,2,2,远父母兄弟,弟,5,39-a
39,11,2,3,问我诸姑,,,
39,12,2,3,遂及伯姊,姊,4,39-a
39,13,3,1,出宿于干,干,4,39-a
39,14,3,1,饮饯于言,言,4,39-a
39,15,3,2,载脂载舝,舝,4,39-b
39,16,3,2,还车言迈,邁,4,39-b
39,17,3,3,遄臻于卫,衛,4,39-b
39,18,3,3,不瑕有害,害,4,39-b
39,19,4,1,我思肥泉,泉,4,39-a
39,20,4,1,兹之永叹,歎,4,39-a
39,21,4,2,思须与漕,漕,4,39-b
39,22,4,2,我心悠悠,悠,4,39-b
39,23,4,3,驾言出游,遊,4,39-b
39,24,4,3,以写我忧,憂,4,39-b
40,1,1,1,出自北门,門,4,40-a
40,2,1,1,忧心殷殷,殷,4,40-a
40,3,1,2,终窭且贫,貧,4,40-a
40,4,1,2,莫知我艰,艱,4,40-a
40,5,1,3,已焉哉,,,
40,6,1,3,天实为之,,,
40,7,1,3,谓之何哉,,,
40,8,2,1,王事适我,適,3,40-a
40,9,2,1,政事一埤益我,益,5,40-a
40,10,2,2,我入自外,,,
40,11,2,2,室人交遍谪我,謫,5,40-a
40,12,2,3,已焉哉,,,
40,13,2,3,天实为之,,,
40,14,2,3,谓之何哉,,,
40,15,3,1,王事敦我,敦,3,40-a
40,16,3,1,政事一埤遗我,遺,5,40-a
40,17,3,2,我入自外,,,
40,18,3,2,室人交遍摧我,摧,5,40-a
40,19,3,3,已焉哉,,,
40,20,3,3,天实为之,,,
40,21,3,3,谓之何哉,,,
41,1,1,1,北风其凉,涼,4,41-a
41,2,1,1,雨雪其雱,雱,4,41-a
41,3,1,2,惠而好我,,,
41,4,1,2,携手同行,行,4,41-a
41,5,1,3,其虚其邪,邪,4,41-b
41,6,1,3,既亟只且,且,4,41-b
41,7,2,1,北风其喈,喈,4,41-a
41,8,2,1,雨雪其霏,霏,4,41-a
41,9,2,2,惠而好我,,,
41,10,2,2,携手同归,歸,4,41-a
41,11,2,3,其虚其邪,邪,4,41-b
41,12,2,3,既亟只且,且,4,41-b
41,13,3,1,莫赤匪狐,狐,4,41-a
41,14,3,1,莫黑匪乌,烏,4,41-a
41,15,3,2,惠而好我,,,
41,16,3,2,携手同车,車,4,41-a
41,17,3,3,其虚其邪,邪,4,41-a
41,18,3,3,既亟只且,且,4,41-a
42,1,1,1,静女其姝,姝,4,42-a
42,2,1,1,俟我于城隅,隅,5,42-a
42,3,1,2,爱而不见,,,
42,4,1,2,搔首踟蹰,躕,4,42-a
42,5,2,1,静女其娈,孌,4,42-a
42,6,2,1,贻我彤管,管,4,42-a
42,7,2,2,彤管有炜,煒,4,42-b
42,8,2,2,说怿女美,美,4,42-b
42,9,3,1,自牧归荑,荑,4,42-a
42,10,3,1,洵美且异,異,4,42-b
42,11,3,2,匪女以为美,美,5,42-a
42,12,3,2,美人之贻,貽,4,42-b
43,1,1,1,新台有泚,泚,4,43-a
43,2,1,1,河水弥弥,瀰,4,43-a
43,3,1,2,燕婉之求,,,
43,4,1,2,籧篨不鲜,鮮,4,43-a
43,5,2,1,新台有洒,洒,4,43-a
43,6,2,1,河水浼浼,浼,4,43-a
43,7,2,2,燕婉之求,,,
43,8,2,2,籧篨不殄,殄,4,43-a
43,9,3,1,鱼网之设,,,
43,10,3,1,鸿则离之,離,3,43-a
43,11,3,2,燕婉之求,,,
43,12,3,2,得此戚施,施,4,43-a
44,1,1,1,二子乘舟,,,
44,2,1,1,泛泛其景,景,4,44-a
44,3,1,2,愿言思子,,,
44,4,1,2,中心养养,養,4,44-a
44,5,2,1,二子乘舟,,,
44,6,2,1,泛泛其逝,逝,4,44-a
44,7,2,2,愿言思子,,,
44,8,2,2,不瑕有害,害,4,44-a
45,1,1,1,泛彼柏舟,,,
45,2,1,1,在彼中河,河,4,45-a
45,3,1,2,髧彼两髦,,,
45,4,1,2,实维我仪,儀,4,45-a
45,5,1,3,之死矢靡它,它,5,45-a
45,6,1,4,母也天只,天,3,45-b
45,7,1,4,不谅人只,人,3,45-b
45,8,2,1,泛彼柏舟,,,
45,9,2,1,在彼河侧,側,4,45-a
45,10,2,2,髧彼两髦,,,
45,11,2,2,实维我特,特,4,45-a
45,12,2,3,之死矢靡慝,慝,5,45-a
45,13,2,4,母也天只,天,3,45-b
45,14,2,4,不谅人只,人,3,45-b
46,1,1,1,墙有茨,,,
46,2,1,1,不可埽也,埽,3,46-a
46,3,1,2,中冓之言,,,
46,4,1,2,不可道也,道,3,46-a
46,5,1,3,所可道也,道,3,46-a
46,6,1,3,言之丑也,醜,3,46-a
46,7,2,1,墙有茨,,,
46,8,2,1,不可襄也,襄,3,46-a
46,9,2,2,中冓之言,,,
46,10,2,2,不可详也,詳,3,46-a
46,11,2,3,所可详也,詳,3,46-a
46,12,2,3,言之长也,長,3,46-a
46,13,3,1,墙有茨,,,
46,14,3,1,不可束也,束,3,46-a
46,15,3,2,中冓之言,,,
46,16,3,2,不可读也,讀,3,46-a
46,17,3,3,所可读也,讀,3,46-a
46,18,3,3,言之辱也,辱,3,46-a
47,1,1,1,君子偕老,,,
47,2,1,1,副笄六珈,珈,4,47-a
47,3,1,2,委委佗佗,佗,4,47-a
47,4,1,2,如山如河,河,4,47-a
47,5,1,2,象服是宜,宜,4,47-a
47,6,1,3,子之不淑,,,
47,7,1,3,云如之何,何,4,47-a
47,8,2,1,玼兮玼兮,,,
47,9,2,1,其之翟也,翟,3,47-a
47,10,2,2,鬒发如云,,,
47,11,2,2,不屑髢也,髢,3,47-a
47,12,2,3,玉之瑱也,,,
47,13,2,3,象之揥也,揥,3,47-a
47,14,2,3,扬且之皙也,皙,4,47-a
47,15,2,4,胡然而天也,,,
47,16,2,4,胡然而帝也,帝,4,47-a
47,17,3,1,瑳兮瑳兮,,,
47,18,3,1,其之展也,展,3,47-a
47,19,3,2,蒙彼绉,,,
47,20,3,2,是绁袢也,袢,3,47-a
47,21,3,3,子之清扬,,,
47,22,3,3,扬且之颜也,顏,4,47-a
47,23,3,4,展如之人兮,,,
47,24,3,4,邦之媛也,媛,3,47-a
48,1,1,1,爰采唐矣,唐,3,48-a
48,2,1,1,沬之乡矣,鄉,3,48-a
48,3,1,2,云谁之思,,,
48,4,1,2,美孟姜矣,姜,3,48-a
48,5,1,3,期我乎桑中,中,5,48-b
48,6,1,3,要我乎上宫,宮,5,48-b
48,7,1,3,送我乎淇之上矣,,,
48,8,2,1,爰采麦矣,麥,3,48-a
48,9,2,1,沬之北矣,北,3,48-a
48,10,2,2,云谁之思,,,
48,11,2,2,美孟弋矣,弋,3,48-a
48,12,2,3,期我乎桑中,中,5,48-b
48,13,2,3,要我乎上宫,宮,5,48-b
48,14,2,3,送我乎淇之上矣,,,
48,15,3,1,爰采葑矣,葑,3,48-a
48,16,3,1,沬之东矣,東,3,48-a
48,17,3,2,云谁之思,,,
48,18,3,2,美孟庸矣,庸,3,48-a
48,19,3,3,期我乎桑中,中,5,48-b
48,20,3,3,要我乎上宫,宮,5,48-b
48,21,3,3,送我乎淇之上矣,,,
49,1,1,1,鹑之奔奔,鶉奔奔,1 3 4,49-a|49-a|49-a
49,2,1,1,鹊之彊彊,彊彊,3 4,49-b|49-b
49,3,1,2,人之无良,良,4,49-b
49,4,1,2,我以为兄,兄,4,49-b
49,5,2,1,鹊之彊彊,彊彊,3 4,49-a|49-a
49,6,2,1,鹑之奔奔,鶉奔奔,1 3 4,49-b|49-b|49-b
49,7,2,2,人之无良,良,4,49-a
49,8,2,2,我以为君,君,4,49-b
50,1,1,1,定之方中,中,4,50-a
50,2,1,1,作于楚宫,宮,4,50-a
50,3,1,2,揆之以日,日,4,50-b
50,4,1,2,作于楚室,室,4,50-b
50,5,1,3,树之榛栗,栗,4,50-b
50,6,1,3,椅桐梓漆,漆,4,50-b
50,7,1,3,爰伐琴瑟,瑟,4,50-b
50,8,2,1,升彼虚矣,虛,3,50-a
50,9,2,1,以望楚矣,楚,3,50-a
50,10,2,2,望楚与堂,堂,4,50-b
50,11,2,2,景山与京,京,4,50-b
50,12,2,3,降观于桑,桑,4,50-b
50,13,2,3,卜云其吉,,,
50,14,2,3,终然允臧,臧,4,50-b
50,15,3,1,灵雨既零,零,4,50-a
50,16,3,1,命彼倌人,人,4,50-a
50,17,3,2,星言夙驾,,,
50,18,3,2,说于桑田,田,4,50-a
50,19,3,3,匪直也人,人,4,50-a
50,20,3,3,秉心塞渊,淵,4,50-a
50,21,3,3,騋牝三千,千,4,50-a
51,1,1,1,蝃在东,蝀東,2 4,51-a|51-a
51,2,1,1,莫之敢指,指,4,51-b
51,3,1,2,女子有行,,,
51,4,1,2,远兄弟父母,弟,3,51-b
51,5,2,1,朝于西,隮西,2 4,51-a|51-a
51,6,2,1,崇朝其雨,雨,4,51-b
51,7,2,2,女子有行,,,
51,8,2,2,远父母兄弟,母,3,51-b
51,9,3,1,乃如之人也,人,4,51-a
51,10,3,1,怀昏姻也,姻,3,51-a
51,11,3,2,大无信也,信,3,51-a
51,12,3,2,不知命也,命,3,51-a
52,1,1,1,相鼠有皮,皮,4,52-a
52,2,1,1,人而无仪,儀,4,52-a
52,3,1,2,人而无仪,儀,4,52-a
52,4,1,2,不死何为,為,4,52-a
52,5,2,1,相鼠有齿,齒,4,52-a
52,6,2,1,人而无止,止,4,52-a
52,7,2,2,人而无止,止,4,52-a
52,8,2,2,不死何俟,俟,4,52-a
52,9,3,1,相鼠有体,體,4,52-a
52,10,3,1,人而无礼,禮,4,52-a
52,11,3,2,人而无礼,禮,4,52-a
52,12,3,2,胡不遄死,死,4,52-a
53,1,1,1,孑孑干旄,旄,4,53-a
53,2,1,1,在浚之郊,郊,4,53-a
53,3,1,2,素丝纰之,紕,3,53-b
53,4,1,2,良马四之,四,3,53-b
53,5,1,3,彼姝者子,,,
53,6,1,3,何以畀之,畀,3,53-b
53,7,2,1,孑孑干旟,旟,4,53-a
53,8,2,1,在浚之都,都,4,53-a
53,9,2,2,素丝组之,組,3,53-b
53,10,2,2,良马五之,五,3,53-b
53,11,2,3,彼姝者子,,,
53,12,2,3,何以予之,予,3,53-b
53,13,3,1,孑孑干旌,旌,4,53-a
53,14,3,1,在浚之城,城,4,53-a
53,15,3,2,素丝祝之,祝,3,53-b
53,16,3,2,良马六之,六,3,53-b
53,17,3,3,彼姝者子,,,
53,18,3,3,何以告之,告,3,53-b
54,1,1,1,载驰载驱,驅,4,54-a
54,2,1,1,归唁卫侯,侯,4,54-a
54,3,1,2,驱马悠悠,悠,4,54-b
54,4,1,2,言至于漕,漕,4,54-b
54,5,1,3,大夫跋涉,,,
54,6,1,3,我心则忧,憂,4,54-b
54,7,2,1,既不我嘉,,,
54,8,2,1,不能旋反,反,4,54-a
54,9,2,2,视而不臧,,,
54,10,2,2,我思不远,遠,4,54-a
54,11,2,3,既不我嘉,,,
54,12,2,3,不能旋济,濟,4,54-b
54,13,2,4,视而不臧,,,
54,14,2,4,我思不閟,閟,4,54-b
54,15,3,1,陟彼阿丘,,,
54,16,3,1,言采其虻,蝱,4,54-a
54,17,3,2,女子善怀,,,
54,18,3,2,亦各有行,行,4,54-a
54,19,3,3,许人尤之,,,
54,20,3,3,众樨且狂,狂,4,54-a
54,21,4,1,我行其野,,,
54,22,4,1,芃芃其麦,麥,4,54-a
54,23,4,2,控于大邦,,,
54,24,4,2,谁因谁极,極,4,54-a
54,25,4,3,大夫君子,,,
54,26,4,3,无我有尤,尤,4,54-b
54,27,4,4,百尔所思,思,4,54-b
54,28,4,4,不如我所之,之,5,54-b
55,1,1,1,瞻彼淇奥,,,
55,2,1,1,绿竹猗猗,猗,4,55-a
55,3,1,2,有匪君子,,,
55,4,1,2,如切如磋,磋,4,55-a
55,5,1,2,如琢如磨,磨,4,55-a
55,6,1,3,瑟兮僩兮,僩,3,55-b
55,7,1,3,赫兮咺兮,咺,3,55-b
55,8,1,4,有匪君子,,,
55,9,1,4,终不可谖兮,諼,4,55-b
55,10,2,1,瞻彼淇奥,,,
55,11,2,1,绿竹青青,青,4,55-a
55,12,2,2,有匪君子,,,
55,13,2,2,充耳琇莹,瑩,4,55-a
55,14,2,2,会弁如星,星,4,55-a
55,15,2,3,瑟兮僩兮,僩,3,55-b
55,16,2,3,赫兮咺兮,咺,3,55-b
55,17,2,4,有匪君子,,,
55,18,2,4,终不可谖兮,諼,4,55-b
55,19,3,1,瞻彼淇奥,,,
55,20,3,1,绿竹如箦,簀,4,55-a
55,21,3,2,有匪君子,,,
55,22,3,2,如切如锡,錫,4,55-a
55,23,3,2,如圭如璧,璧,4,55-a
55,24,3,3,宽兮绰兮,綽,3,55-b
55,25,3,3,猗重较兮,較,3,55-b
55,26,3,4,善戏谑兮,,,
55,27,3,4,不为虐兮,虐,3,55-b
56,1,1,1,考槃在涧,澗,4,56-a
56,2,1,1,硕人之宽,寬,4,56-a
56,3,1,2,独寐寤言,言,4,56-a
56,4,1,2,永矢弗谖,諼,4,56-a
56,5,2,1,考槃在阿,阿,4,56-a
56,6,2,1,硕人之薖,薖,4,56-a
56,7,2,2,独寐寤歌,歌,4,56-a
56,8,2,2,永矢弗过,過,4,56-a
56,9,3,1,考槃在陆,陸,4,56-a
56,10,3,1,硕人之轴,軸,4,56-a
56,11,3,2,独寐寤宿,宿,4,56-a
56,12,3,2,永矢弗告,告,4,56-a
57,1,1,1,硕人其颀,頎,4,57-a
57,2,1,1,衣锦褧衣,衣,4,57-a
57,3,1,2,齐侯之子,,,
57,4,1,2,卫侯之妻,妻,4,57-a
57,5,1,2,东宫之妹,,,
57,6,1,2,邢侯之姨,姨,4,57-a
57,7,1,2,谭公维私,私,4,57-a
57,8,2,1,手如柔荑,荑,4,57-a
57,9,2,2,肤如凝脂,脂,4,57-a
57,10,2,3,领如蝤蛴,蠐,4,57-a
57,11,2,4,齿如瓠犀,犀,4,57-a
57,12,2,5,螓首蛾眉,眉,4,57-a
57,13,2,6,巧笑倩兮,倩,3,57-b
57,14,2,7,美目盼兮,盼,3,57-b
57,15,3,1,硕人敖敖,敖,4,57-a
57,16,3,1,说于农郊,郊,4,57-a
57,17,3,2,四牡有骄,驕,4,57-a
57,18,3,2,朱镳镳,鑣,4,57-a
57,19,3,2,翟茀以朝,朝,4,57-a
57,20,3,3,大夫夙退,,,
57,21,3,3,无使君劳,勞,4,57-a
57,22,4,1,河水洋洋,,,
57,23,4,1,北流活活,活活,3 4,57-a|57-a
57,24,4,2,施罛瀖瀖,瀖瀖,3 4,57-a|57-a
57,25,4,2,鳣鲔发发,發發,3 4,57-a|57-a
57,26,4,2,葭菼揭揭,揭揭,3 4,57-a|57-a
57,27,4,3,庶姜孽孽,孼孼,3 4,57-a|57-a
57,28,4,3,庶士有朅,朅,4,57-a
58,1,1,1,氓之蚩蚩,蚩,4,58-a
58,2,1,1,抱布贸丝,絲,4,58-a
58,3,1,2,匪来贸丝,絲,4,58-a
58,4,1,2,来即我谋,謀,4,58-a
58,5,1,3,送子涉淇,淇,4,58-a
58,6,1,3,至于顿丘,丘,4,58-a
58,7,1,4,匪来愆期,期,4,58-a
58,8,1,4,子无良媒,媒,4,58-a
58,9,1,5,将子无怒,,,
58,10,1,5,秋以为期,期,4,58-a
58,11,2,1,乘彼垝垣,垣,4,58-a
58,12,2,1,以望复关,關,4,58-a
58,13,2,2,不见复关,關,4,58-a
58,14,2,2,泣涕涟涟,漣,4,58-a
58,15,2,3,既见复关,關,4,58-a
58,16,2,3,载笑载言,言,4,58-a
58,17,2,4,尔卜尔筮,,,
58,18,2,4,体无咎言,言,4,58-a
58,19,2,5,以尔车来,來,4,58-a
58,20,2,5,以我贿迁,遷,4,58-a
58,21,3,1,桑之未落,落,4,58-a
58,22,3,1,其叶沃若,若,4,58-a
58,23,3,2,于嗟鸠兮,,,
58,24,3,2,无食桑葚,葚,4,58-b
58,25,3,3,于嗟女兮,,,
58,26,3,3,无与士耽,耽,4,58-b
58,27,3,4,士之耽兮,耽,3,58-c
58,28,3,4,犹可说也,說,3,58-d
58,29,3,5,女之耽兮,耽,3,58-c
58,30,3,5,不可说也,說,3,58-d
58,31,4,1,桑之落矣,,,
58,32,4,1,其黄而陨,隕,4,58-a
58,33,4,2,自我徂尔,,,
58,34,4,2,三岁食贫,貧,4,58-a
58,35,4,3,淇水汤汤,湯湯,3 4,58-b|58-b
58,36,4,3,渐车帷裳,裳,4,58-b
58,37,4,4,女也不爽,爽,4,58-b
58,38,4,4,士贰其行,行,4,58-b
58,39,4,5,士也罔极,極,4,58-c
58,40,4,5,二三其德,德,4,58-c
58,41,5,1,三岁为妇,,,
58,42,5,1,靡室劳矣,勞,3,58-a
58,43,5,2,夙兴夜寐,,,
58,44,5,2,靡有朝矣,朝,3,58-a
58,45,5,3,言既遂矣,,,
58,46,5,3,至于暴矣,暴,3,58-b
58,47,5,4,兄弟不知,,,
58,48,5,4,咥其笑矣,笑,3,58-b
58,49,5,5,静言思之,,,
58,50,5,5,躬自悼矣,悼,3,58-b
58,51,6,1,及尔偕老,,,
58,52,6,1,老使我怨,怨,4,58-a
58,53,6,2,淇则有岸,岸,4,58-a
58,54,6,2,隰则有泮,泮,4,58-a
58,55,6,3,总角之宴,宴,4,58-a
58,56,6,3,言笑晏晏,晏晏,3 4,58-a|58-a
58,57,6,4,信膂旦旦,旦旦,3 4,58-a|58-a
58,58,6,4,不思其反,反,4,58-a
58,59,6,5,反是不思,思,4,58-b
58,60,6,5,亦已焉哉,哉,4,58-b
59,1,1,1,藋藋竹竿,竿,4,59-a
59,2,1,1,以钓于淇,淇,4,59-a
59,3,1,2,岂不尔思,思,4,59-a
59,4,1,2,远莫致之,之,4,59-a
59,5,2,1,泉源在左,,,
59,6,2,1,淇水在右,右,4,59-a
59,7,2,2,女子有行,,,
59,8,2,2,远兄弟父母,母,5,59-a
59,9,3,1,淇水在右,右,4,59-a
59,10,3,1,泉源在左,左,4,59-a
59,11,3,2,巧笑之瑳,,,
59,12,3,2,佩玉之傩,儺,4,59-a
59,13,4,1,淇水滺滺,滺,4,59-a
59,14,4,1,桧楫松舟,舟,4,59-a
59,15,4,2,驾言出游,遊,4,59-a
59,16,4,2,以写我忧,憂,4,59-a
60,1,1,1,芄兰之支,支,4,60-a
60,2,1,1,童子佩觿,觿,4,60-a
60,3,1,2,虽则佩觿,觿,4,60-a
60,4,1,2,能不我知,知,4,60-a
60,5,1,3,容兮遂兮,遂,3,60-b
60,6,1,3,垂带悸兮,悸,3,60-b
60,7,2,1,芄兰之叶,葉,4,60-a
60,8,2,1,童子佩韘,韘,4,60-a
60,9,2,2,虽则佩韘,韘,4,60-a
60,10,2,2,能不我甲,甲,4,60-a
60,11,2,3,容兮遂兮,遂,3,60-b
60,12,2,3,垂带悸兮,悸,3,60-b
61,1,1,1,谁谓河广,,,
61,2,1,1,一苇杭之,杭,3,61-a
61,3,1,2,谁谓宋远,,,
61,4,1,2,跂予望之,望,3,61-a
61,5,2,1,谁谓河广,,,
61,6,2,1,曾不容刀,刀,4,61-a
61,7,2,2,谁谓宋远,,,
61,8,2,2,曾不崇朝,朝,4,61-a
62,1,1,1,伯兮朅兮,朅,3,62-a
62,2,1,1,邦之桀兮,桀,3,62-a
62,3,1,2,伯也执殳,殳,4,62-b
62,4,1,2,为王前驱,驅,4,62-b
62,5,2,1,自伯之东,東,4,62-a
62,6,2,1,首如飞蓬,蓬,4,62-a
62,7,2,2,岂无膏沐,,,
62,8,2,2,谁适为容,容,4,62-a
62,9,3,1,其雨其雨,,,
62,10,3,1,杲杲出日,日,4,62-a
62,11,3,2,愿言思伯,,,
62,12,3,2,甘心首疾,疾,4,62-a
62,13,4,1,焉得谖草,,,
62,14,4,1,言树之背,背,4,62-a
62,15,4,2,愿言思伯,,,
62,16,4,2,使我心痗,痗,4,62-a
63,1,1,1,有狐绥绥,,,
63,2,1,1,在彼淇梁,梁,4,63-a
63,3,1,2,心之忧矣,,,
63,4,1,2,之子无裳,裳,4,63-a
63,5,2,1,有狐绥绥,,,
63,6,2,1,在彼淇厉,厲,4,63-a
63,7,2,2,心之忧矣,,,
63,8,2,2,之子无带,帶,4,63-a
63,9,3,1,有狐绥绥,,,
63,10,3,1,在彼淇侧,側,4,63-a
63,11,3,2,心之忧矣,,,
63,12,3,2,之子无服,服,4,63-a
64,1,1,1,投我以木瓜,瓜,5,64-a
64,2,1,1,报之以琼琚,琚,5,64-a
64,3,1,2,匪报也,報,2,64-b
64,4,1,2,永以为好也,好,4,64-b
64,5,2,1,投我以木桃,桃,5,64-a
64,6,2,1,报之以琼瑶,瑤,5,64-a
64,7,2,2,匪报也,報,2,64-b
64,8,2,2,永以为好也,好,4,64-b
64,9,3,1,投我以木李,李,5,64-a
64,10,3,1,报之以琼玖,玖,5,64-a
64,11,3,2,匪报也,報,2,64-b
64,12,3,2,永以为好也,好,4,64-b
65,1,1,1,彼黍离离,離,4,65-a
65,2,1,1,彼稷之苗,苗,4,65-b
65,3,1,2,行迈靡靡,靡靡,3 4,65-a|65-a
65,4,1,2,中心摇摇,搖搖,3 4,65-b|65-b
65,5,1,3,知我者,,,
65,6,1,3,谓我心忧,憂,4,65-c
65,7,1,3,不知我者,,,
65,8,1,3,谓我何求,求,4,65-c
65,9,1,4,悠悠苍天,天,4,65-d
65,10,1,4,此何人哉,人,3,65-d
65,11,2,1,彼黍离离,離離,3 4,65-a|65-a
65,12,2,1,彼稷之穗,穗,4,65-b
65,13,2,2,行迈靡靡,靡靡,3 4,65-a|65-a
65,14,2,2,中心如醉,醉,4,65-b
65,15,2,3,知我者,,,
65,16,2,3,谓我心忧,憂,4,65-c
65,17,2,3,不知我者,,,
65,18,2,3,谓我何求,求,4,65-c
65,19,2,4,悠悠苍天,天,4,65-d
65,20,2,4,此何人哉,人,3,65-d
65,21,3,1,彼黍离离,離離,3 4,65-a|65-a
65,22,3,1,彼稷之实,實,4,65-b
65,23,3,2,行迈靡靡,靡靡,3 4,65-a|65-a
65,24,3,2,中心如噎,噎,4,65-b
65,25,3,3,知我者,,,
65,26,3,3,谓我心忧,憂,4,65-c
65,27,3,3,不知我者,,,
65,28,3,3,谓我何求,求,4,65-c
65,29,3,4,悠悠苍天,天,4,65-d
65,30,3,4,此何人哉,人,3,65-d
66,1,1,1,君子于役,,,
66,2,1,1,不知其期,期,4,66-a
66,3,1,1,曷至哉,哉,3,66-a
66,4,1,2,鸡栖于埘,塒,4,66-a
66,5,1,2,日之夕矣,,,
66,6,1,2,羊牛下来,來,4,66-a
66,7,1,3,君子于役,,,
66,8,1,3,如之何勿思,思,5,66-a
66,9,2,1,君子于役,,,
66,10,2,1,不日不月,月,4,66-a
66,11,2,1,曷其有佸,佸,4,66-a
66,12,2,2,鸡栖于桀,桀,4,66-a
66,13,2,2,日之夕矣,,,
66,14,2,2,羊牛下括,括,4,66-a
66,15,2,3,君子于役,,,
66,16,2,3,茍无饥渴,渴,4,66-a
67,1,1,1,君子阳阳,陽陽,3 4,67-a|67-a
67,2,1,1,左执簧,簧,3,67-a
67,3,1,1,右招我由房,房,5,67-a
67,4,1,2,其乐只且,,,
67,5,2,1,君子陶陶,陶陶,3 4,67-a|67-a
67,6,2,1,左执翿,翿,3,67-a
67,7,2,1,右招我由敖,敖,5,67-a
67,8,2,2,其乐只且,,,
68,1,1,1,扬之水,,,
68,2,1,1,不流束薪,薪,4,68-a
68,3,1,2,彼其之子,,,
68,4,1,2,不与我戍申,申,5,68-a
68,5,1,3,怀哉怀哉,懷,3,68-b
68,6,1,3,曷月予还归哉,歸,5,68-b
68,7,2,1,扬之水,,,
68,8,2,1,不流束楚,楚,4,68-a
68,9,2,2,彼其之子,,,
68,10,2,2,不与我戍甫,甫,5,68-a
68,11,2,3,怀哉怀哉,懷,3,68-b
68,12,2,3,曷月予还归哉,歸,5,68-b
68,13,3,1,扬之水,,,
68,14,3,1,不流束蒲,蒲,4,68-a
68,15,3,2,彼其之子,,,
68,16,3,2,不与我戍许,許,5,68-a
68,17,3,3,怀哉怀哉,懷,3,68-b
68,18,3,3,曷月予还归哉,歸,5,68-b
69,1,1,1,中谷有蓷,,,
69,2,1,1,暵其干矣,乾,3,69-a
69,3,1,2,有女仳离,,,
69,4,1,2,慨其叹矣,歎,3,69-a
69,5,1,3,慨其叹矣,歎,3,69-a
69,6,1,3,遇人之艰难矣,艱難,4 5,69-a|69-a
69,7,2,1,中谷有蓷,,,
69,8,2,1,暵其修矣,修,3,69-a
69,9,2,2,有女仳离,離,4,69-a
69,10,2,2,条其歗矣,歗,3,69-a
69,11,2,3,慨其啸矣,,,
69,12,2,3,遇人之不淑矣,淑,5,69-a
69,13,3,1,中谷有蓷,,,
69,14,3,1,暵其湿矣,濕,3,69-a
69,15,3,2,有女仳离,,,
69,16,3,2,啜其泣矣,泣,3,69-a
69,17,3,3,啜其泣矣,泣,3,69-a
69,18,3,3,嗟何及矣,及,3,69-b
70,1,1,1,有兔爰爰,,,
70,2,1,1,雉离于罗,羅,4,70-a
70,3,1,2,我生之初,,,
70,4,1,2,尚无为,為,3,70-a
70,5,1,3,我生之后,,,
70,6,1,3,逢此百罹,罹,4,70-a
70,7,1,4,尚寐无吪,吪,4,70-a
70,8,2,1,有兔爰爰,,,
70,9,2,1,雉离于罦,罦,4,70-a
70,10,2,2,我生之初,,,
70,11,2,2,尚无造,造,3,70-a
70,12,2,3,我生之后,,,
70,13,2,3,逢此百忧,憂,4,70-a
70,14,2,4,尚寐无觉,覺,4,70-a
70,15,3,1,有兔爰爰,,,
70,16,3,1,雉离于罿,罿,4,70-a
70,17,3,2,我生之初,,,
70,18,3,2,尚无庸,庸,3,70-a
70,19,3,3,我生之后,,,
70,20,3,3,逢此百凶,凶,4,70-a
70,21,3,4,尚寐无聪,聰,4,70-a
71,1,1,1,绵绵葛藟,藟,4,71-a
71,2,1,1,在河之浒,滸,4,71-b
71,3,1,2,终远兄弟,弟,4,71-a
71,4,1,2,谓他人父,父,4,71-b
71,5,1,3,谓他人父,父,4,71-b
71,6,1,3,亦莫我顾,顧,4,71-b
71,7,2,1,绵绵葛藟,藟,4,71-a
71,8,2,1,在河之涘,涘,4,71-b
71,9,2,2,终远兄弟,弟,4,71-a
71,10,2,2,谓他人母,母,4,71-b
71,11,2,3,谓他人母,母,4,71-b
71,12,2,3,亦莫我有,有,4,71-b
71,13,3,1,绵绵葛藟,藟,4,71-a
71,14,3,1,在河之漘,漘,4,71-b
71,15,3,2,终远兄弟,弟,4,71-a
71,16,3,2,谓他人昆,昆,4,71-b
71,17,3,3,谓他人昆,昆,4,71-b
71,18,3,3,亦莫我闻,聞,4,71-b
72,1,1,1,彼采葛兮,葛,3,72-a
72,2,1,2,一日不见,,,
72,3,1,2,如三月兮,月,3,72-a
72,4,2,1,彼采萧兮,蕭,3,72-a
72,5,2,2,一日不见,,,
72,6,2,2,如三秋兮,秋,3,72-a
72,7,3,1,彼采艾兮,艾,3,72-a
72,8,3,2,一日不见,,,
72,9,3,2,如三岁兮,歲,3,72-a
73,1,1,1,大车槛槛,檻,4,73-a
73,2,1,1,毳衣如菼,菼,4,73-a
73,3,1,2,岂不尔思,,,
73,4,1,2,畏子不敢,敢,4,73-a
73,5,2,1,大车啍啍,啍,4,73-a
73,6,2,1,毳衣如,璊,4,73-a
73,7,2,2,岂不尔思,,,
73,8,2,2,畏子不奔,奔,4,73-a
73,9,3,1,谷则异室,室,4,73-a
73,10,3,1,死则同穴,穴,4,73-a
73,11,3,2,谓予不信,,,
73,12,3,2,有如皦日,日,4,73-a
74,1,1,1,丘中有麻,麻,4,74-a
74,2,1,1,彼留子嗟,嗟,4,74-a
74,3,1,2,彼留子嗟,嗟,4,74-a
74,4,1,2,将其来施施,施施,4 5,74-a|74-a
74,5,2,1,丘中有麦,麥,4,74-a
74,6,2,1,彼留子国,國,4,74-a
74,7,2,2,彼留子国,國,4,74-a
74,8,2,2,将其来食,食,4,74-a
74,9,3,1,丘中有李,李,4,74-a
74,10,3,1,彼留之子,子,4,74-a
74,11,3,2,彼留之子,子,4,74-a
74,12,3,2,贻我佩玖,玖,4,74-a
75,1,1,1,缁衣之宜兮,宜,4,75-a
75,2,1,1,敝予又改为兮,為,5,75-a
75,3,1,2,适子之馆兮,館,4,75-b
75,4,1,2,还予授子之粲兮,粲,6,75-b
75,5,2,1,缁衣之好兮,好,4,75-a
75,6,2,1,敝予又改造兮,造,5,75-a
75,7,2,2,适子之馆兮,館,4,75-b
75,8,2,2,还予授子之粲兮,粲,6,75-b
75,9,3,1,缁衣之席兮,蓆,4,75-a
75,10,3,1,敝予又改作兮,作,5,75-a
75,11,3,2,适子之馆兮,館,4,75-b
75,12,3,2,还予授子之粲兮,粲,6,75-b
76,1,1,1,将仲子兮,,,
76,2,1,1,无逾我里,里,4,76-a
76,3,1,1,无折我树杞,杞,5,76-a
76,4,1,2,岂敢爱之,,,
76,5,1,2,畏我父母,母,4,76-a
76,6,1,3,仲可怀也,懷,3,76-b
76,7,1,3,父母之言,,,
76,8,1,3,亦可畏也,畏,3,76-b
76,9,2,1,将仲子兮,,,
76,10,2,1,无逾我墙,牆,4,76-a
76,11,2,1,无折我树桑,桑,5,76-a
76,12,2,2,岂敢爱之,,,
76,13,2,2,畏我诸兄,兄,4,76-a
76,14,2,3,仲可怀也,懷,3,76-b
76,15,2,3,诸兄之言,,,
76,16,2,3,亦可畏也,畏,3,76-b
76,17,3,1,将仲子兮,,,
76,18,3,1,无逾我园,園,4,76-a
76,19,3,1,无折我树檀,檀,5,76-a
76,20,3,2,岂敢爱之,,,
76,21,3,2,畏人之多言,言,5,76-a
76,22,3,3,仲可怀也,懷,3,76-b
76,23,3,3,人之多言,,,
76,24,3,3,亦可畏也,畏,3,76-b
77,1,1,1,叔于田,田,3,77-a
77,2,1,1,巷无居人,人,4,77-a
77,3,1,2,岂无居人,人,4,77-a
77,4,1,2,不如叔也,,,
77,5,1,2,洵美且仁,仁,4,77-a
77,6,2,1,叔于狩,狩,3,77-a
77,7,2,1,巷无饮酒,酒,4,77-a
77,8,2,2,岂无饮酒,酒,4,77-a
77,9,2,2,不如叔也,,,
77,10,2,2,洵美且好,好,4,77-a
77,11,3,1,叔适野,野,3,77-a
77,12,3,1,巷无服马,馬,4,77-a
77,13,3,2,岂无服马,馬,4,77-a
77,14,3,2,不如叔也,,,
77,15,3,2,洵美且武,武,4,77-a
78,1,1,1,叔于田,,,
78,2,1,1,乘乘马,馬,3,78-a
78,3,1,1,执辔如组,組,4,78-a
78,4,1,1,两骖如舞,舞,4,78-a
78,5,1,2,叔在薮,,,
78,6,1,2,火烈具举,舉,4,78-a
78,7,1,3,襢裼暴虎,虎,4,78-a
78,8,1,3,献于公所,所,4,78-a
78,9,1,4,将叔无狃,,,
78,10,1,4,戒其伤女,女,4,78-a
78,11,2,1,叔于田,,,
78,12,2,1,乘乘黄,黃,3,78-a
78,13,2,1,两服上襄,襄,4,78-a
78,14,2,1,两骖雁行,行,4,78-a
78,15,2,2,叔在薮,,,
78,16,2,2,火烈具扬,揚,4,78-a
78,17,2,3,叔善射忌,射,3,78-b
78,18,2,3,又良御忌,御,3,78-b
78,19,2,3,抑磬控忌,控,3,78-c
78,20,2,3,抑纵送忌,送,3,78-c
78,21,3,1,叔于田,,,
78,22,3,1,乘乘鸨,鴇,3,78-a
78,23,3,1,两服齐首,首,4,78-a
78,24,3,1,两骖如手,手,4,78-a
78,25,3,2,叔在薮,,,
78,26,3,2,火烈具阜,阜,4,78-a
78,27,3,3,叔马慢忌,慢,3,78-b
78,28,3,3,叔发罕忌,罕,3,78-b
78,29,3,3,抑释掤忌,掤,3,78-c
78,30,3,3,抑鬯弓忌,弓,3,78-c
79,1,1,1,清人在彭,彭,4,79-a
79,2,1,1,驷介旁旁,旁旁,3 4,79-a|79-a
79,3,1,1,二矛重英,英,4,79-a
79,4,1,1,河上乎翱翔,翔,5,79-a
79,5,2,1,清人在消,消,4,79-a
79,6,2,1,驷介麃麃,麃麃,3 4,79-a|79-a
79,7,2,1,二矛重乔,喬,4,79-a
79,8,2,1,河上乎逍遥,遙,5,79-a
79,9,3,1,清人在轴,軸,4,79-a
79,10,3,1,驷介陶陶,陶陶,3 4,79-a|79-a
79,11,3,1,左旋右抽,抽,4,79-a
79,12,3,1,中军作好,好,4,79-a
80,1,1,1,羔裘如濡,濡,4,80-a
80,2,1,1,洵直且侯,侯,4,80-a
80,3,1,2,彼其之子,,,
80,4,1,2,舍命不渝,渝,4,80-a
80,5,2,1,羔裘豹饰,飾,4,80-a
80,6,2,1,孔武有力,力,4,80-a
80,7,2,2,彼其之子,,,
80,8,2,2,邦之司直,直,4,80-a
80,9,3,1,羔裘晏兮,晏,3,80-a
80,10,3,1,三英粲兮,粲,3,80-a
80,11,3,2,彼其之子,,,
80,12,3,2,邦之彦兮,彥,3,80-a
81,1,1,1,遵大路兮,路,3,81-a
81,2,1,1,掺执子之怯兮,怯,5,81-a
81,3,1,2,无我恶兮,惡,3,81-a
81,4,1,2,不寁故也,故,3,81-a
81,5,2,1,遵大路兮,,,
81,6,2,1,掺执子之手兮,手,5,81-a
81,7,2,2,无我魗兮,魗,3,81-a
81,8,2,2,不寁好也,好,3,81-a
82,1,1,1,女曰鸡鸣,,,
82,2,1,1,士曰昧旦,旦,4,82-a
82,3,1,2,子兴视夜,,,
82,4,1,2,明星有烂,爛,4,82-a
82,5,1,3,将翱将翔,,,
82,6,1,3,弋凫与雁,鴈,4,82-a
82,7,2,1,弋言加之,加,3,82-a
82,8,2,1,与子宜之,宜,3,82-a
82,9,2,2,宜言饮酒,酒,4,82-b
82,10,2,2,与子偕老,老,4,82-b
82,11,2,3,琴瑟在御,,,
82,12,2,3,莫不静好,好,4,82-b
82,13,3,1,知子之来之,來,4,82-a
82,14,3,1,杂佩以赠之,贈,4,82-a
82,15,3,2,知子之顺之,順,4,82-b
82,16,3,2,杂佩以问之,問,4,82-b
82,17,3,3,知子之好之,好,4,82-c
82,18,3,3,杂佩以报之,報,4,82-c
83,1,1,1,有女同车,車,4,83-a
83,2,1,1,颜如舜华,華,4,83-a
83,3,1,2,将翱将翔,翔,4,83-b
83,4,1,2,佩玉琼琚,琚,4,83-a
83,5,1,3,彼美孟姜,姜,4,83-b
83,6,1,3,洵美且都,都,4,83-a
83,7,2,1,有女同行,行,4,83-a
83,8,2,1,颜如舜英,英,4,83-a
83,9,2,2,将翱将翔,翔,4,83-b
83,10,2,2,佩玉将将,將,4,83-a
83,11,2,3,彼美孟姜,姜,4,83-b
83,12,2,3,德音不忘,忘,4,83-a
84,1,1,1,山有扶苏,蘇,4,84-a
84,2,1,1,隰有荷华,華,4,84-a
84,3,1,2,不见子都,都,4,84-a
84,4,1,2,乃见狂且,且,4,84-a
84,5,2,1,山有桥松,松,4,84-a
84,6,2,1,隰有游龙,龍,4,84-a
84,7,2,2,不见子充,充,4,84-a
84,8,2,2,乃见狡童,童,4,84-a
85,1,1,1,萚兮萚兮,蘀,3,85-a
85,2,1,1,风其吹女,吹,3,85-b
85,3,1,2,叔兮伯兮,伯,3,85-a
85,4,1,2,倡予和女,和,3,85-b
85,5,2,1,萚兮萚兮,蘀,3,85-a
85,6,2,1,风其漂女,漂,3,85-b
85,7,2,2,叔兮伯兮,伯,3,85-a
85,8,2,2,倡予要女,要,3,85-b
86,1,1,1,彼狡童兮,,,
86,2,1,1,不与我言兮,言,4,86-a
86,3,1,2,维子之故,,,
86,4,1,2,使我不能餐兮,餐,5,86-a
86,5,2,1,彼狡童兮,,,
86,6,2,1,不与我食兮,食,4,86-a
86,7,2,2,维子之故,,,
86,8,2,2,使我不能息兮,息,5,86-a
87,1,1,1,子惠思我,,,
87,2,1,1,褰裳涉溱,溱,4,87-a
87,3,1,2,子不我思,,,
87,4,1,2,岂无他人,人,4,87-a
87,5,1,3,狂童之狂也且,,,
87,6,2,1,子惠思我,,,
87,7,2,1,褰裳涉洧,洧,4,87-a
87,8,2,2,子不我思,,,
87,9,2,2,岂无他士,士,4,87-a
87,10,2,3,狂童之狂也且,,,
88,1,1,1,子之丰兮,丰,3,88-a
88,2,1,1,俟我乎巷兮,巷,4,88-a
88,3,1,2,悔予不送兮,送,4,88-a
88,4,2,1,子之昌兮,昌,3,88-a
88,5,2,1,俟我乎堂兮,堂,4,88-a
88,6,2,2,悔予不将兮,將,4,88-a
88,7,3,1,衣锦褧裳,裳,4,88-a
88,8,3,1,裳锦褧衣,衣,4,88-a
88,9,3,2,叔兮伯兮,,,
88,10,3,2,驾予与行,行,4,88-a
88,11,4,1,裳锦褧裳,,,
88,12,4,1,衣锦褧衣,衣,4,88-a
88,13,4,2,叔兮伯兮,,,
88,14,4,2,驾予与归,歸,4,88-a
89,1,1,1,东门之,墠,4,89-a
89,2,1,1,茹藘在阪,阪,4,89-a
89,3,1,2,其室则迩,,,
89,4,1,2,其人甚远,遠,4,89-a
89,5,2,1,东门之栗,栗,4,89-a
89,6,2,1,有践家室,室,4,89-a
89,7,2,2,岂不尔思,,,
89,8,2,2,子不我即,即,4,89-a
90,1,1,1,风雨凄凄,淒淒,3 4,90-a|90-a
90,2,1,1,鸡鸣喈喈,喈喈,3 4,90-a|90-a
90,3,1,2,既见君子,,,
90,4,1,2,云胡不夷,夷,4,90-a
90,5,2,1,风雨潇潇,瀟瀟,3 4,90-a|90-a
90,6,2,1,鸡鸣胶胶,膠膠,3 4,90-a|90-a
90,7,2,2,既见君子,,,
90,8,2,2,云胡不瘳,瘳,4,90-a
90,9,3,1,风雨如晦,晦,4,90-a
90,10,3,1,鸡鸣不已,已,4,90-a
90,11,3,2,既见君子,子,4,90-a
90,12,3,2,云胡不喜,喜,4,90-a
91,1,1,1,青青子衿,衿,4,91-a
91,2,1,1,悠悠我心,心,4,91-a
91,3,1,2,纵我不往,,,
91,4,1,2,子宁不嗣音,音,5,91-a
91,5,2,1,青青子佩,佩,4,91-a
91,6,2,1,悠悠我思,思,4,91-a
91,7,2,2,纵我不往,,,
91,8,2,2,子宁不来,來,4,91-a
91,9,3,1,挑兮达兮,達,3,91-a
91,10,3,1,在城阙兮,闕,3,91-a
91,11,3,2,一日不见,,,
91,12,3,2,如三月兮,月,3,91-a
92,1,1,1,扬之水,水,3,92-a
92,2,1,1,不流束楚,楚,4,92-b
92,3,1,2,终鲜兄弟,弟,4,92-a
92,4,1,2,维予与女,女,4,92-b
92,5,1,3,无信人之言,,,
92,6,1,3,人实迋女,女,4,92-b
92,7,2,1,扬之水,水,3,92-a
92,8,2,1,不流束薪,薪,4,92-b
92,9,2,2,终鲜兄弟,弟,4,92-a
92,10,2,2,维予二人,人,4,92-b
92,11,2,3,无信人之言,,,
92,12,2,3,人实不信,信,4,92-b
93,1,1,1,出其东门,門,4,93-a
93,2,1,1,有女如云,雲,4,93-a
93,3,1,2,虽则如云,雲,4,93-a
93,4,1,2,匪我思存,存,4,93-a
93,5,1,3,缟衣綦巾,巾,4,93-a
93,6,1,3,聊乐我员,員,4,93-a
93,7,2,1,出其阇,闍,4,93-a
93,8,2,1,有女如荼,荼,4,93-a
93,9,2,2,虽则如荼,荼,4,93-a
93,10,2,2,匪我思且,且,4,93-a
93,11,2,3,缟衣茹藘,藘,4,93-a
93,12,2,3,聊可与娱,娛,4,93-a
94,1,1,1,野有蔓草,,,
94,2,1,1,零露漙兮,漙,3,94-a
94,3,1,2,有美一人,,,
94,4,1,2,清扬婉兮,婉,3,94-a
94,5,1,3,邂逅相遇,,,
94,6,1,3,适我愿兮,願,3,94-a
94,7,2,1,野有蔓草,,,
94,8,2,1,零露瀼瀼,瀼瀼,3 4,94-a|94-a
94,9,2,2,有美一人,,,
94,10,2,2,婉如清扬,揚,4,94-a
94,11,2,3,邂逅相遇,,,
94,12,2,3,与子偕臧,臧,4,94-a
95,1,1,1,溱与洧,,,
95,2,1,1,方涣涣兮,渙,3,95-a
95,3,1,2,士与女,,,
95,4,1,2,方秉兰兮,蘭,3,95-a
95,5,1,3,女曰观乎,乎,4,95-b
95,6,1,4,士曰既且,且,4,95-b
95,7,1,5,且往观乎,乎,4,95-b
95,8,1,6,洧之外,,,
95,9,1,6,洵且乐,樂,4,95-c
95,10,1,7,维士与女,,,
95,11,1,7,伊其相谑,謔,4,95-c
95,12,1,7,赠之以勺药,藥,5,95-c
95,13,2,1,溱与洧,,,
95,14,2,1,浏其清矣,清,3,95-a
95,15,2,2,士与女,,,
95,16,2,2,殷其盈矣,盈,3,95-a
95,17,2,3,女曰观乎,乎,4,95-b
95,18,2,4,士曰既且,且,4,95-b
95,19,2,5,且往观乎,乎,4,95-b
95,20,2,6,洧之外,,,
95,21,2,6,洵且乐,樂,4,95-c
95,22,2,7,维士与女,,,
95,23,2,7,伊其将谑,謔,4,95-c
95,24,2,7,赠之以勺药,藥,5,95-c
96,1,1,1,鸡既鸣矣,鳴,3,96-a
96,2,1,1,朝既盈矣,盈,3,96-a
96,3,1,2,匪鸡则鸣,鳴,4,96-a
96,4,1,2,苍蝇之声,聲,4,96-a
96,5,2,1,东方明矣,明,3,96-a
96,6,2,1,朝既昌矣,昌,3,96-a
96,7,2,2,匪东方则明,明,5,96-a
96,8,2,2,月出之光,光,4,96-a
96,9,3,1,虫飞薨薨,薨薨,3 4,96-a|96-a
96,10,3,1,甘与子同梦,夢,5,96-a
96,11,3,2,会且归矣,,,
96,12,3,2,无庶予子憎,憎,5,96-a
97,1,1,1,子之还兮,還,3,97-a
97,2,1,1,遭我乎峱之间兮,間,6,97-a
97,3,1,2,并驱从两肩兮,肩,5,97-a
97,4,1,2,揖我谓我儇兮,儇,5,97-a
97,5,2,1,子之茂兮,茂,3,97-a
97,6,2,1,遭我乎峱之道兮,道,6,97-a
97,7,2,2,并驱从两牡兮,牡,5,97-a
97,8,2,2,揖我谓我好兮,好,5,97-a
97,9,3,1,子之昌兮,昌,3,97-a
97,10,3,1,遭我乎峱之阳兮,陽,6,97-a
97,11,3,2,并驱从两狼兮,狼,5,97-a
97,12,3,2,揖我谓我臧兮,臧,5,97-a
98,1,1,1,俟我于著乎而,著,4,98-a
98,2,1,1,充耳以素乎而,素,4,98-a
98,3,1,1,尚之以琼华乎而,華,5,98-a
98,4,2,1,俟我于庭乎而,庭,4,98-a
98,5,2,1,充耳以青乎而,青,4,98-a
98,6,2,1,尚之以琼莹乎而,瑩,5,98-a
98,7,3,1,俟我于堂乎而,堂,4,98-a
98,8,3,1,充耳以黄乎而,黃,4,98-a
98,9,3,1,尚之以琼英乎而,英,5,98-a
99,1,1,1,东方之日兮,日,4,99-a
99,2,1,2,彼姝者子,,,
99,3,1,2,在我室兮,室,3,99-a
99,4,1,3,在我室兮,室,3,99-a
99,5,1,3,履我即兮,即,3,99-a
99,6,2,1,东方之月兮,月,4,99-a
99,7,2,2,彼姝者子,,,
99,8,2,2,在我闼兮,闥,3,99-a
99,9,2,3,在我闼兮,闥,3,99-a
99,10,2,3,履我发兮,發,3,99-a
100,1,1,1,东方未明,明,4,100-a
100,2,1,1,颠倒衣裳,裳,4,100-a
100,3,1,2,颠之倒之,倒,3,100-b
100,4,1,2,自公召之,召,3,100-b
100,5,2,1,东方未晞,晞,4,100-a
100,6,2,1,颠倒裳衣,衣,4,100-a
100,7,2,2,倒之颠之,顛,3,100-b
100,8,2,2,自公令之,令,3,100-b
100,9,3,1,折柳樊圃,圃,4,100-a
100,10,3,1,狂夫瞿瞿,瞿瞿,3 4,100-a|100-a
100,11,3,2,不能辰夜,夜,4,100-a
100,12,3,2,不夙则莫,莫,4,100-a
101,1,1,1,南山崔崔,崔崔,3 4,101-a|101-a
101,2,1,1,雄狐绥绥,綏綏,3 4,101-a|101-a
101,3,1,2,鲁道有荡,,,
101,4,1,2,齐子由归,歸,4,101-a
101,5,1,3,既曰归止,歸,3,101-a
101,6,1,3,曷又怀止,懷,3,101-a
101,7,2,1,葛屦五两,兩,4,101-a
101,8,2,1,冠緌双止,雙,3,101-a
101,9,2,2,鲁道有荡,蕩,4,101-a
101,10,2,2,齐子庸止,庸,3,101-a
101,11,2,3,既曰庸止,庸,3,101-a
101,12,2,3,曷又从止,從,3,101-a
101,13,3,1,蓺麻如之何,,,
101,14,3,1,衡从其亩,畝,4,101-a
101,15,3,2,取妻如之何,,,
101,16,3,2,必告父母,母,4,101-a
101,17,3,3,既曰告止,告,3,101-a
101,18,3,3,曷又鞠止,鞠,3,101-a
101,19,4,1,析薪如之何,,,
101,20,4,1,匪斧不克,克,4,101-a
101,21,4,2,取妻如之何,,,
101,22,4,2,匪媒不得,得,4,101-a
101,23,4,3,既曰得止,得,3,101-a
101,24,4,3,曷又极止,極,3,101-a
102,1,1,1,无田甫田,田,4,102-a
102,2,1,1,维莠骄骄,驕驕,3 4,102-b|102-b
102,3,1,2,无思远人,人,4,102-a
102,4,1,2,劳心忉忉,忉忉,3 4,102-b|102-b
102,5,2,1,无田甫田,田,4,102-a
102,6,2,1,维莠桀桀,桀桀,3 4,102-b|102-b
102,7,2,2,无思远人,人,4,102-a
102,8,2,2,劳心怛怛,怛怛,3 4,102-b|102-b
102,9,3,1,婉兮娈兮,婉孌,1 3,102-a|102-a
102,10,3,1,总角丱兮,丱,3,102-b
102,11,3,2,未几见兮,,,
102,12,3,2,突而弁兮,弁,3,102-b
103,1,1,1,卢令令,令令,2 3,103-a|103-a
103,2,1,1,其人美且仁,人仁,2 5,103-a|103-a
103,3,2,1,卢重环,環,3,103-a
103,4,2,1,其人美且鬈,人鬈,2 5,103-a|103-a
103,5,3,1,卢重,鋂,3,103-a
103,6,3,1,其人美且偲,偲,5,103-a
104,1,1,1,敝笱在梁,,,
104,2,1,1,其鱼鲂鳏,鰥,4,104-a
104,3,1,2,齐子归止,,,
104,4,1,2,其从如云,雲,4,104-a
104,5,2,1,敝笱在梁,,,
104,6,2,1,其鱼鲂,鱮,4,104-a
104,7,2,2,齐子归止,,,
104,8,2,2,其从如雨,雨,4,104-a
104,9,3,1,敝笱在梁,,,
104,10,3,1,其鱼唯唯,唯唯,3 4,104-a|104-a
104,11,3,2,齐子归止,,,
104,12,3,2,其从如水,水,4,104-a
105,1,1,1,载驱薄薄,薄薄,3 4,105-a|105-a
105,2,1,1,簟茀朱鞹,鞹,4,105-a
105,3,1,2,鲁道有荡,,,
105,4,1,2,齐子发夕,夕,4,105-a
105,5,2,1,四骊济济,濟濟,3 4,105-a|105-a
105,6,2,1,垂辔濔濔,濔濔,3 4,105-a|105-a
105,7,2,2,鲁道有荡,,,
105,8,2,2,齐子岂弟,弟,4,105-a
105,9,3,1,汶水汤汤,湯湯,3 4,105-a|105-a
105,10,3,1,行人彭彭,彭彭,3 4,105-a|105-a
105,11,3,2,鲁道有荡,,,
105,12,3,2,齐子翱翔,翔,4,105-a
105,13,4,1,汶水滔滔,滔滔,3 4,105-a|105-a
105,14,4,1,行人儦儦,儦儦,3 4,105-a|105-a
105,15,4,2,鲁道有荡,,,
105,16,4,2,齐子游敖,敖,4,105-a
106,1,1,1,猗嗟昌兮,昌,3,106-a
106,2,1,1,颀而长兮,長,3,106-a
106,3,1,1,抑若扬兮,揚,3,106-a
106,4,1,1,美目扬兮,揚,3,106-a
106,5,1,2,巧趋跄兮,蹌,3,106-a
106,6,1,2,射则臧兮,臧,3,106-a
106,7,2,1,猗嗟名兮,名,3,106-a
106,8,2,1,美目清兮,清,3,106-a
106,9,2,2,仪既成兮,成,3,106-a
106,10,2,3,终日射侯,,,
106,11,2,3,不出正兮,正,3,106-a
106,12,2,4,展我甥兮,甥,3,106-a
106,13,3,1,猗嗟娈兮,孌,3,106-a
106,14,3,1,清扬婉兮,婉,3,106-a
106,15,3,2,舞则选兮,選,3,106-a
106,16,3,2,射则贯兮,貫,3,106-a
106,17,3,3,四矢反兮,反,3,106-a
106,18,3,3,以御乱兮,亂,3,106-a
107,1,1,1,纠纠葛屦,,,
107,2,1,1,可以履霜,霜,4,107-a
107,3,1,2,掺掺女手,,,
107,4,1,2,可以缝裳,裳,4,107-a
107,5,1,3,要之襋之,襋,3,107-b
107,6,1,3,好人服之,服,3,107-b
107,7,2,1,好人提提,提提,3 4,107-a|107-a
107,8,2,1,宛然左辟,辟,4,107-a
107,9,2,1,佩其象揥,揥,4,107-a
107,10,2,2,维是褊心,,,
107,11,2,2,是以为刺,刺,4,107-a
108,1,1,1,彼汾沮洳,洳,4,108-a
108,2,1,1,言采其莫,莫,4,108-a
108,3,1,2,彼其之子,,,
108,4,1,2,美无度,度,3,108-a
108,5,1,3,美无度,度,3,108-a
108,6,1,3,殊异乎公路,路,5,108-a
108,7,2,1,彼汾一方,方,4,108-a
108,8,2,1,言采其桑,桑,4,108-a
108,9,2,2,彼其之子,,,
108,10,2,2,美如英,英,3,108-a
108,11,2,3,美如英,英,3,108-a
108,12,2,3,殊异乎公行,行,5,108-a
108,13,3,1,彼汾一曲,曲,4,108-a
108,14,3,1,言采其藚,藚,4,108-a
108,15,3,2,彼其之子,,,
108,16,3,2,美如玉,玉,3,108-a
108,17,3,3,美如玉,玉,3,108-a
108,18,3,3,殊异乎公族,族,5,108-a
109,1,1,1,园有桃,桃,3,109-a
109,2,1,1,其实之殽,殽,4,109-a
109,3,1,2,心之忧矣,,,
109,4,1,2,我歌且谣,謠,4,109-a
109,5,1,3,不我知者,,,
109,6,1,3,谓我士也骄,驕,5,109-a
109,7,1,4,彼人是哉,,,
109,8,1,4,子曰何其,其,4,109-b
109,9,1,5,心之忧矣,,,
109,10,1,5,其谁知之,之,4,109-b
109,11,1,6,其谁知之,之,4,109-b
109,12,1,6,盖亦勿思,思,4,109-b
109,13,2,1,园有棘,棘,3,109-a
109,14,2,1,其实之食,食,4,109-a
109,15,2,2,心之忧矣,,,
109,16,2,2,聊以行国,國,4,109-a
109,17,2,3,不我知者,,,
109,18,2,3,谓我士也罔极,極,6,109-a
109,19,2,4,彼人是哉,哉,4,109-b
109,20,2,4,子曰何其,其,4,109-b
109,21,2,5,心之忧矣,,,
109,22,2,5,其谁知之,之,4,109-b
109,23,2,6,其谁知之,之,4,109-b
109,24,2,6,盖亦勿思,思,4,109-b
110,1,1,1,陟彼岵兮,岵,3,110-a
110,2,1,1,瞻望父兮,父,3,110-a
110,3,1,2,父曰嗟予子,子,5,110-b
110,4,1,2,行役夙夜无已,已,6,110-b
110,5,1,3,上慎旃哉,,,
110,6,1,3,犹来无止,止,4,110-b
110,7,2,1,陟彼屺兮,屺,3,110-a
110,8,2,1,瞻望母兮,母,3,110-a
110,9,2,2,母曰嗟予季,季,5,110-b
110,10,2,2,行役夙夜无寐,寐,6,110-b
110,11,2,3,上慎旃哉,,,
110,12,2,3,犹来无弃,棄,4,110-b
110,13,3,1,陟彼冈兮,岡,3,110-a
110,14,3,1,瞻望兄兮,兄,3,110-a
110,15,3,2,兄曰嗟予弟,弟,5,110-b
110,16,3,2,行役夙夜必偕,偕,6,110-b
110,17,3,3,上慎旃哉,,,
110,18,3,3,犹来无死,死,4,110-b
111,1,1,1,十亩之闲兮,閒,4,111-a
111,2,1,1,桑者闲闲兮,閑閑,3 4,111-a|111-a
111,3,1,2,行与子还兮,還,4,111-a
111,4,2,1,十亩之外兮,外,4,111-a
111,5,2,1,桑者泄泄兮,泄泄,3 4,111-a|111-a
111,6,2,2,行与子逝兮,逝,4,111-a
112,1,1,1,坎坎伐檀兮,檀,4,112-a
112,2,1,1,寘之河之干兮,干,5,112-a
112,3,1,1,河水清且涟猗,漣,5,112-a
112,4,1,2,不稼不穑,,,
112,5,1,2,胡取禾三百廛兮,廛,6,112-a
112,6,1,3,不狩不猎,,,
112,7,1,3,胡瞻尔庭有县貆兮,貆,7,112-a
112,8,1,4,彼君子兮,,,
112,9,1,4,不素餐兮,餐,3,112-a
112,10,2,1,坎坎伐辐兮,輻,4,112-a
112,11,2,1,寘之河之侧兮,側,5,112-a
112,12,2,1,河水清且直猗,直,5,112-a
112,13,2,2,不稼不穑,,,
112,14,2,2,胡取禾三百亿兮,億,6,112-a
112,15,2,3,不狩不猎,,,
112,16,2,3,胡瞻尔庭有县特兮,特,7,112-a
112,17,2,4,彼君子兮,,,
112,18,2,4,不素食兮,食,3,112-a
112,19,3,1,坎坎伐轮兮,輪,4,112-a
112,20,3,1,寘之河之漘兮,漘,5,112-a
112,21,3,1,河水清且沦猗,淪,5,112-a
112,22,3,2,不稼不穑,,,
112,23,3,2,胡取禾三百囷兮,囷,6,112-a
112,24,3,3,不狩不猎,,,
112,25,3,3,胡瞻尔庭有县鹑兮,鶉,7,112-a
112,26,3,4,彼君子兮,,,
112,27,3,4,不素飧兮,飧,3,112-a
113,1,1,1,硕鼠硕鼠,鼠,4,113-a
113,2,1,1,无食我黍,黍,4,113-a
113,3,1,2,三岁贯女,女,4,113-a
113,4,1,2,莫我肯顾,顧,4,113-a
113,5,1,3,逝将去女,女,4,113-a
113,6,1,3,适彼乐土,土,4,113-a
113,7,1,4,乐土乐土,土,4,113-a
113,8,1,4,爰得我所,所,4,113-a
113,9,2,1,硕鼠硕鼠,鼠,4,113-a
113,10,2,1,无食我麦,麥,4,113-b
113,11,2,2,三岁贯女,女,4,113-a
113,12,2,2,莫我肯德,德,4,113-b
113,13,2,3,逝将去女,女,4,113-a
113,14,2,3,适彼乐国,國,4,113-b
113,15,2,4,乐国乐国,國,4,113-b
113,16,2,4,爰得我直,直,4,113-b
113,17,3,1,硕鼠硕鼠,鼠,4,113-a
113,18,3,1,无食我苗,苗,4,113-b
113,19,3,2,三岁贯女,女,4,113-a
113,20,3,2,莫我肯劳,勞,4,113-b
113,21,3,3,逝将去女,女,4,113-a
113,22,3,3,适彼乐郊,郊,4,113-b
113,23,3,4,乐郊乐郊,郊,4,113-b
113,24,3,4,谁之永号,號,4,113-b
114,1,1,1,蟋蟀在堂,堂,4,114-a
114,2,1,1,岁聿其莫,莫,4,114-b
114,3,1,2,今我不乐,,,
114,4,1,2,日月其除,除,4,114-b
114,5,1,3,无已大康,康,4,114-a
114,6,1,3,职思其居,居,4,114-b
114,7,1,4,好乐无荒,荒,4,114-a
114,8,1,4,良士瞿瞿,瞿瞿,3 4,114-b|114-b
114,9,2,1,蟋蟀在堂,堂,4,114-a
114,10,2,1,岁聿其逝,逝,4,114-b
114,11,2,2,今我不乐,,,
114,12,2,2,日月其迈,邁,4,114-b
114,13,2,3,无已大康,康,4,114-a
114,14,2,3,职思其外,外,4,114-b
114,15,2,4,好乐无荒,荒,4,114-a
114,16,2,4,良士蹶蹶,蹶蹶,3 4,114-b|114-b
114,17,3,1,蟋蟀在堂,堂,4,114-a
114,18,3,1,役车其休,休,4,114-b
114,19,3,2,今我不乐,,,
114,20,3,2,日月其慆,慆,4,114-b
114,21,3,3,无已大康,康,4,114-a
114,22,3,3,职思其忧,憂,4,114-b
114,23,3,4,好乐无荒,荒,4,114-a
114,24,3,4,良士休休,休休,3 4,114-b|114-b
115,1,1,1,山有枢,樞,3,115-a
115,2,1,1,隰有榆,榆,3,115-a
115,3,1,2,子有衣裳,,,
115,4,1,2,弗曳弗娄,婁,4,115-a
115,5,1,3,子有车马,,,
115,6,1,3,弗驰弗驱,驅,4,115-a
115,7,1,4,宛其死矣,,,
115,8,1,4,他人是愉,愉,4,115-a
115,9,2,1,山有栲,栲,3,115-a
115,10,2,1,隰有杻,杻,3,115-a
115,11,2,2,子有廷内,,,
115,12,2,2,弗洒弗埽,埽,4,115-a
115,13,2,3,子有钟鼓,,,
115,14,2,3,弗鼓弗考,考,4,115-a
115,15,2,4,宛其死矣,,,
115,16,2,4,他人是保,保,4,115-a
115,17,3,1,山有漆,漆,3,115-a
115,18,3,1,隰有栗,栗,3,115-a
115,19,3,2,子有酒食,,,
115,20,3,2,何不日鼓瑟,瑟,5,115-a
115,21,3,3,且以喜乐,,,
115,22,3,3,且以永日,日,4,115-a
115,23,3,4,宛其死矣,,,
115,24,3,4,他人入室,室,4,115-a
116,1,1,1,扬之水,,,
116,2,1,1,白石凿凿,鑿鑿,3 4,116-a|116-a
116,3,1,2,素衣朱襮,襮,4,116-a
116,4,1,2,从子于沃,沃,4,116-a
116,5,1,3,既见君子,,,
116,6,1,3,云何不乐,樂,4,116-a
116,7,2,1,扬之水,,,
116,8,2,1,白石皓皓,皓皓,3 4,116-a|116-a
116,9,2,2,素衣朱绣,繡,4,116-a
116,10,2,2,从子于鹄,鵠,4,116-a
116,11,2,3,既见君子,,,
116,12,2,3,云何其忧,憂,4,116-a
116,13,3,1,扬之水,,,
116,14,3,1,白石粼粼,粼粼,3 4,116-a|116-a
116,15,3,2,我闻有命,命,4,116-a
116,16,3,2,不敢以告人,人,5,116-a
117,1,1,1,椒聊之实,,,
117,2,1,1,蕃衍盈升,升,4,117-a
117,3,1,2,彼其之子,,,
117,4,1,2,硕大无朋,朋,4,117-a
117,5,1,3,椒聊且,聊,2,117-b
117,6,1,3,远条且,條,2,117-b
117,7,2,1,椒聊之实,,,
117,8,2,1,蕃衍盈匊,匊,4,117-a
117,9,2,2,彼其之子,,,
117,10,2,2,硕大且笃,篤,4,117-a
117,11,2,3,椒聊且,聊,2,117-b
117,12,2,3,远条且,條,2,117-b
118,1,1,1,绸缪束薪,薪,4,118-a
118,2,1,1,三星在天,天,4,118-a
118,3,1,2,今夕何夕,,,
118,4,1,2,见此良人,人,4,118-a
118,5,1,3,子兮子兮,,,
118,6,1,3,如此良人何,人,4,118-a
118,7,2,1,绸缪束刍,芻,4,118-a
118,8,2,1,三星在隅,隅,4,118-a
118,9,2,2,今夕何夕,,,
118,10,2,2,见此邂逅,逅,4,118-b
118,11,2,3,子兮子兮,,,
118,12,2,3,如此邂逅何,逅,4,118-b
118,13,3,1,绸缪束楚,楚,4,118-a
118,14,3,1,三星在户,戶,4,118-a
118,15,3,2,今夕何夕,,,
118,16,3,2,见此粲者,者,4,118-a
118,17,3,3,子兮子兮,,,
118,18,3,3,如此粲者何,者,4,118-a
119,1,1,1,有杕之杜,杜,4,119-a
119,2,1,1,其叶湑湑,湑湑,3 4,119-a|119-a
119,3,1,2,独行踽踽,踽踽,3 4,119-a|119-a
119,4,1,3,岂无他人,,,
119,5,1,3,不如我同父,父,5,119-a
119,6,1,4,嗟行之人,,,
119,7,1,4,胡不比焉,比,3,119-b
119,8,1,5,人无兄弟,,,
119,9,1,5,胡不佽焉,佽,3,119-b
119,10,2,1,有杕之杜,,,
119,11,2,1,其叶菁菁,菁菁,3 4,119-a|119-a
119,12,2,2,独行睘睘,睘睘,3 4,119-a|119-a
119,13,2,3,岂无他人,,,
119,14,2,3,不如我同姓,姓,5,119-a
119,15,2,4,嗟行之人,,,
119,16,2,4,胡不比焉,比,3,119-b
119,17,2,5,人无兄弟,,,
119,18,2,5,胡不佽焉,佽,3,119-b
120,1,1,1,羔裘豹袪,袪,4,120-a
120,2,1,1,自我人居居,居居,4 5,120-a|120-a
120,3,1,2,岂无他人,,,
120,4,1,2,维子之故,故,4,120-a
120,5,2,1,羔裘豹褎,褎,4,120-a
120,6,2,1,自我人究究,究究,4 5,120-a|120-a
120,7,2,2,岂无他人,,,
120,8,2,2,维子之好,好,4,120-a
121,1,1,1,肃肃鸨羽,羽,4,121-a
121,2,1,1,集于苞栩,栩,4,121-a
121,3,1,2,王事靡盬,盬,4,121-a
121,4,1,2,不能蓺稷黍,黍,5,121-a
121,5,1,2,父母何怙,怙,4,121-a
121,6,1,3,悠悠苍天,,,
121,7,1,3,曷其有所,所,4,121-a
121,8,2,1,肃肃鸨翼,翼,4,121-a
121,9,2,1,集于苞棘,棘,4,121-a
121,10,2,2,王事靡盬,,,
121,11,2,2,不能蓺黍稷,稷,5,121-a
121,12,2,2,父母何食,食,4,121-a
121,13,2,3,悠悠苍天,,,
121,14,2,3,曷其有极,極,4,121-a
121,15,3,1,肃肃鸨行,行,4,121-a
121,16,3,1,集于苞桑,桑,4,121-a
121,17,3,2,王事靡盬,,,
121,18,3,2,不能蓺稻粱,粱,5,121-a
121,19,3,2,父母何尝,嘗,4,121-a
121,20,3,3,悠悠苍天,,,
121,21,3,3,曷其有常,常,4,121-a
122,1,1,1,岂曰无衣七兮,七,5,122-a
122,2,1,1,不如子之衣,,,
122,3,1,1,安且吉兮,吉,3,122-a
122,4,2,1,岂曰无衣六兮,六,5,122-a
122,5,2,1,不如子之衣,,,
122,6,2,1,安且燠兮,燠,3,122-a
123,1,1,1,有杕之杜,,,
123,2,1,1,生于道左,左,4,123-a
123,3,1,2,彼君子兮,,,
123,4,1,2,噬肯适我,我,4,123-a
123,5,1,3,中心好之,好,3,123-b
123,6,1,3,曷饮食之,食,3,123-b
123,7,2,1,有杕之杜,,,
123,8,2,1,生于道周,周,4,123-a
123,9,2,2,彼君子兮,,,
123,10,2,2,噬肯来游,遊,4,123-a
123,11,2,3,中心好之,好,3,123-b
123,12,2,3,曷饮食之,食,3,123-b
124,1,1,1,葛生蒙楚,楚,4,124-a
124,2,1,1,蔹蔓于野,野,4,124-a
124,3,1,2,予美亡此,,,
124,4,1,2,谁与独处,處,4,124-a
124,5,2,1,葛生蒙棘,棘,4,124-a
124,6,2,1,蔹蔓于域,域,4,124-a
124,7,2,2,予美亡此,,,
124,8,2,2,谁与独息,息,4,124-a
124,9,3,1,角枕粲兮,粲,3,124-a
124,10,3,1,锦衾烂兮,爛,3,124-a
124,11,3,2,予美亡此,,,
124,12,3,2,谁与独旦,旦,4,124-a
124,13,4,1,夏之日,,,
124,14,4,1,冬之夜,夜,3,124-a
124,15,4,1,百岁之后,,,
124,16,4,1,归于其居,居,4,124-a
124,17,5,1,冬之夜,,,
124,18,5,1,夏之日,日,3,124-a
124,19,5,1,百岁之后,,,
124,20,5,1,归于其室,室,4,124-a
125,1,1,1,采苓采苓,苓,4,125-a
125,2,1,1,首阳之巅,巔,4,125-a
125,3,1,2,人之为言,言,4,125-b
125,4,1,2,苟亦无信,信,4,125-a
125,5,1,3,舍旃舍旃,旃,4,125-b
125,6,1,3,苟亦无然,然,4,125-b
125,7,1,4,人之为言,言,4,125-b
125,8,1,4,胡得焉,焉,3,125-b
125,9,2,1,采苦采苦,苦,4,125-a
125,10,2,1,首阳之下,下,4,125-a
125,11,2,2,人之为言,言,4,125-b
125,12,2,2,苟亦无与,與,4,125-a
125,13,2,3,舍旃舍旃,旃,4,125-b
125,14,2,3,苟亦无然,然,4,125-b
125,15,2,4,人之为言,言,4,125-b
125,16,2,4,胡得焉,焉,3,125-b
125,17,3,1,采葑采葑,葑,4,125-a
125,18,3,1,首阳之东,東,4,125-a
125,19,3,2,人之无言,言,4,125-b
125,20,3,2,苟亦无从,從,4,125-a
125,21,3,3,舍旃舍旃,旃,4,125-b
125,22,3,3,苟亦无然,然,4,125-b
125,23,3,4,人之为言,言,4,125-b
125,24,3,4,胡得焉,焉,3,125-b
126,1,1,1,有车邻邻,鄰,4,126-a
126,2,1,1,有马白颠,顛,4,126-a
126,3,1,2,未见君子,,,
126,4,1,2,寺人之令,令,4,126-a
126,5,2,1,阪有漆,漆,3,126-a
126,6,2,1,隰有栗,栗,3,126-a
126,7,2,2,既见君子,,,
126,8,2,2,并坐鼓瑟,瑟,4,126-a
126,9,2,3,今者不乐,,,
126,10,2,3,逝者其耋,耋,4,126-a
126,11,3,1,阪有桑,桑,3,126-a
126,12,3,1,隰有杨,楊,3,126-a
126,13,3,2,既见君子,,,
126,14,3,2,并坐鼓簧,簧,4,126-a
126,15,3,3,今者不乐,,,
126,16,3,3,逝者其亡,亡,4,126-a
127,1,1,1,驷驖孔阜,阜,4,127-a
127,2,1,1,六辔在手,手,4,127-a
127,3,1,2,公之媚子,,,
127,4,1,2,从公于狩,狩,4,127-a
127,5,2,1,奉时辰牡,牡,4,127-a
127,6,2,1,辰牡孔硕,碩,4,127-a
127,7,2,2,公曰左之,,,
127,8,2,2,舍拔则获,獲,4,127-a
127,9,3,1,游于北园,園,4,127-a
127,10,3,1,四马既闲,閑,4,127-a
127,11,3,2,车鸾镳,鑣,4,127-b
127,12,3,2,载猃歇骄,驕,4,127-b
128,1,1,1,小戎俴收,收,4,128-a
128,2,1,1,五楘梁辀,輈,4,128-a
128,3,1,2,游环胁驱,驅,4,128-b
128,4,1,2,阴靷鋈续,續,4,128-b
128,5,1,3,文茵畅毂,轂,4,128-b
128,6,1,3,驾我骐馵,馵,4,128-b
128,7,1,4,言念君子,,,
128,8,1,4,温其如玉,玉,4,128-b
128,9,1,5,在其板屋,屋,4,128-b
128,10,1,5,乱我心曲,曲,4,128-b
128,11,2,1,四牡孔阜,阜,4,128-a
128,12,2,1,六辔在手,手,4,128-a
128,13,2,2,骐骝是中,中,4,128-b
128,14,2,2,骊是骖,驂,4,128-b
128,15,2,3,龙盾之合,合,4,128-c
128,16,2,3,鋈以觼,軜,4,128-c
128,17,2,4,言念君子,,,
128,18,2,4,温其在邑,邑,4,128-c
128,19,2,5,方何为期,期,4,128-d
128,20,2,5,胡然我念之,之,5,128-d
128,21,3,1,俴驷孔群,群,4,128-a
128,22,3,1,厹矛鋈,錞,4,128-a
128,23,3,2,蒙伐有苑,苑,4,128-a
128,24,3,2,虎韔镂膺,膺,4,128-b
128,25,3,3,交韔二弓,弓,4,128-b
128,26,3,3,竹闭绲縢,縢,4,128-b
128,27,3,4,言念君子,,,
128,28,3,4,载寝载兴,興,4,128-b
128,29,3,5,厌厌良人,人,4,128-b
128,30,3,5,秩秩德音,音,4,128-b
129,1,1,1,蒹葭苍苍,蒼蒼,3 4,129-a|129-a
129,2,1,1,白露为霜,霜,4,129-a
129,3,1,2,所谓伊人,,,
129,4,1,2,在水一方,方,4,129-a
129,5,1,3,溯洄从之,,,
129,6,1,3,道阻且长,長,4,129-a
129,7,1,4,溯游从之,,,
129,8,1,4,宛在水中央,央,5,129-a
129,9,2,1,蒹葭萋萋,萋萋,3 4,129-a|129-a
129,10,2,1,白露未晞,晞,4,129-a
129,11,2,2,所谓伊人,,,
129,12,2,2,在水之湄,湄,4,129-a
129,13,2,3,溯洄从之,,,
129,14,2,3,道阻且跻,躋,4,129-a
129,15,2,4,溯游从之,,,
129,16,2,4,宛在水中坻,坻,5,129-a
129,17,3,1,蒹葭采采,采采,3 4,129-a|129-a
129,18,3,1,白露未已,已,4,129-a
129,19,3,2,所谓伊人,,,
129,20,3,2,在水之涘,涘,4,129-a
129,21,3,3,溯洄从之,,,
129,22,3,3,道阻且右,右,4,129-a
129,23,3,4,溯游从之,,,
129,24,3,4,宛在水中沚,沚,5,129-a
130,1,1,1,终南何有,,,
130,2,1,1,有条有梅,梅,4,130-a
130,3,1,2,君子至止,,,
130,4,1,2,锦衣狐裘,裘,4,130-a
130,5,1,3,颜如渥丹,,,
130,6,1,3,其君也哉,哉,4,130-a
130,7,2,1,终南何有,,,
130,8,2,1,有纪有堂,堂,4,130-a
130,9,2,2,君子至止,,,
130,10,2,2,黻衣绣裳,裳,4,130-a
130,11,2,3,佩玉将将,將將,3 4,130-a|130-a
130,12,2,3,寿考不亡,亡,4,130-a
131,1,1,1,交交黄鸟,,,
131,2,1,1,止于棘,棘,3,131-a
131,3,1,2,谁从穆公,,,
131,4,1,2,子车奄息,息,4,131-a
131,5,1,3,维此奄息,息,4,131-a
131,6,1,3,百夫之特,特,4,131-a
131,7,1,4,临其穴,穴,3,131-b
131,8,1,4,惴惴其栗,慄,4,131-b
131,9,1,5,彼苍者天,天,4,131-c
131,10,1,5,歼我良人,人,4,131-c
131,11,1,6,如可赎兮,,,
131,12,1,6,人百其身,身,4,131-c
131,13,2,1,交交黄鸟,,,
131,14,2,1,止于桑,桑,3,131-a
131,15,2,2,谁从穆公,,,
131,16,2,2,子车仲行,行,4,131-a
131,17,2,3,维此仲行,行,4,131-a
131,18,2,3,百夫之防,防,4,131-a
131,19,2,4,临其穴,穴,3,131-b
131,20,2,4,惴惴其栗,慄,4,131-b
131,21,2,5,彼苍者天,天,4,131-c
131,22,2,5,歼我良人,人,4,131-c
131,23,2,6,如可赎兮,,,
131,24,2,6,人百其身,身,4,131-c
131,25,3,1,交交黄鸟,,,
131,26,3,1,止于楚,楚,3,131-a
131,27,3,2,谁从穆公,,,
131,28,3,2,子车针虎,虎,4,131-a
131,29,3,3,维此针虎,虎,4,131-a
131,30,3,3,百夫之御,禦,4,131-a
131,31,3,4,临其穴,穴,3,131-b
131,32,3,4,惴惴其栗,慄,4,131-b
131,33,3,5,彼苍者天,天,4,131-c
131,34,3,5,歼我良人,人,4,131-c
131,35,3,6,如可赎兮,,,
131,36,3,6,人百其身,身,4,131-c
132,1,1,1,歍彼晨风,風,4,132-a
132,2,1,1,郁彼北林,林,4,132-a
132,3,1,2,未见君子,,,
132,4,1,2,忧心钦钦,欽,4,132-a
132,5,1,3,如何如何,何,4,132-b
132,6,1,3,忘我实多,多,4,132-b
132,7,2,1,山有苞栎,櫟,4,132-a
132,8,2,1,隰有六駮,駮,4,132-a
132,9,2,2,未见君子,,,
132,10,2,2,忧心靡乐,樂,4,132-a
132,11,2,3,如何如何,何,4,132-b
132,12,2,3,忘我实多,多,4,132-b
132,13,3,1,山有苞棣,棣,4,132-a
132,14,3,1,隰有树檖,檖,4,132-a
132,15,3,2,未见君子,,,
132,16,3,2,忧心如醉,醉,4,132-a
132,17,3,3,如何如何,何,4,132-b
132,18,3,3,忘我实多,多,4,132-b
133,1,1,1,岂曰无衣,衣,4,133-a
133,2,1,1,与子同袍,袍,4,133-b
133,3,1,2,王于兴师,師,4,133-a
133,4,1,2,修我戈矛,矛,4,133-b
133,5,1,2,与子同仇,仇,4,133-b
133,6,2,1,岂曰无衣,衣,4,133-a
133,7,2,1,与子同泽,澤,4,133-b
133,8,2,2,王于兴师,師,4,133-a
133,9,2,2,修我矛戟,戟,4,133-b
133,10,2,2,与子偕作,作,4,133-b
133,11,3,1,岂曰无衣,衣,4,133-a
133,12,3,1,与子同裳,裳,4,133-b
133,13,3,2,王于兴师,師,4,133-a
133,14,3,2,修我甲兵,兵,4,133-b
133,15,3,2,与子偕行,行,4,133-b
134,1,1,1,我送舅氏,,,
134,2,1,1,曰至渭阳,陽,4,134-a
134,3,1,2,何以赠之,,,
134,4,1,2,路车乘黄,黃,4,134-a
134,5,2,1,我送舅氏,,,
134,6,2,1,悠悠我思,思,4,134-a
134,7,2,2,何以赠之,,,
134,8,2,2,琼瑰玉佩,佩,4,134-a
135,1,1,1,于我乎,乎,3,135-b
135,2,1,1,夏屋渠渠,渠渠,3 4,135-a|135-a
135,3,1,1,今也每食无余,餘,6,135-a
135,4,1,2,于嗟乎,乎,3,135-b
135,5,1,2,不承权舆,輿,4,135-b
135,6,2,1,于我乎,乎,3,135-b
135,7,2,1,每食四簋,簋,4,135-a
135,8,2,1,今也每食不饱,飽,6,135-a
135,9,2,2,于嗟乎,乎,3,135-b
135,10,2,2,不承权舆,輿,4,135-b
136,1,1,1,子之汤兮,湯,3,136-a
136,2,1,1,宛丘之上兮,上,4,136-a
136,3,1,2,洵有情兮,,,
136,4,1,2,而无望兮,望,3,136-a
136,5,2,1,坎其击鼓,鼓,4,136-a
136,6,2,1,宛丘之下,下,4,136-a
136,7,2,2,无冬无夏,夏,4,136-a
136,8,2,2,值其鹭羽,羽,4,136-a
136,9,3,1,坎其击缶,缶,4,136-a
136,10,3,1,宛丘之道,道,4,136-a
136,11,3,2,无冬无夏,,,
136,12,3,2,值其鹭翿,翿,4,136-a
137,1,1,1,东门之枌,,,
137,2,1,1,宛丘之栩,栩,4,137-a
137,3,1,2,子仲之子,,,
137,4,1,2,婆娑其下,下,4,137-a
137,5,2,1,谷旦于差,差,4,137-a
137,6,2,1,南方之原,原,4,137-a
137,7,2,2,不绩其麻,麻,4,137-a
137,8,2,2,市也婆娑,婆娑,3 4,137-a|137-a
137,9,3,1,谷旦于逝,逝,4,137-a
137,10,3,1,越以鬷迈,邁,4,137-a
137,11,3,2,视尔如荍,荍,4,137-b
137,12,3,2,贻我握椒,椒,4,137-b
138,1,1,1,衡门之下,,,
138,2,1,1,可以栖迟,遲,4,138-a
138,3,1,2,泌之洋洋,,,
138,4,1,2,可以乐饥,飢,4,138-a
138,5,2,1,岂其食鱼,,,
138,6,2,1,必河之鲂,魴,4,138-a
138,7,2,2,岂其取妻,,,
138,8,2,2,必齐之姜,姜,4,138-a
138,9,3,1,岂其食鱼,,,
138,10,3,1,必河之鲤,鯉,4,138-a
138,11,3,2,岂其取妻,,,
138,12,3,2,必宋之子,子,4,138-a
139,1,1,1,东门之池,池,4,139-a
139,2,1,1,可以沤麻,麻,4,139-a
139,3,1,2,彼美淑姬,,,
139,4,1,2,可与晤歌,歌,4,139-a
139,5,2,1,东门之池,,,
139,6,2,1,可以沤纻,紵,4,139-a
139,7,2,2,彼美淑姬,,,
139,8,2,2,可与晤语,語,4,139-a
139,9,3,1,东门之池,,,
139,10,3,1,可以沤菅,菅,4,139-a
139,11,3,2,彼美淑姬,,,
139,12,3,2,可与晤言,言,4,139-a
140,1,1,1,东门之杨,楊,4,140-a
140,2,1,1,其叶牂牂,牂牂,3 4,140-a|140-a
140,3,1,2,昏以为期,,,
140,4,1,2,明星煌煌,煌煌,3 4,140-a|140-a
140,5,2,1,东门之杨,,,
140,6,2,1,其叶肺肺,肺肺,3 4,140-a|140-a
140,7,2,2,昏以为期,,,
140,8,2,2,明星晢晢,晢晢,3 4,140-a|140-a
141,1,1,1,墓门有棘,,,
141,2,1,1,斧以斯之,斯,3,141-a
141,3,1,2,夫也不良,,,
141,4,1,2,国人知之,知,3,141-a
141,5,1,3,知而不已,已,4,141-b
141,6,1,3,谁昔然矣,矣,4,141-b
141,7,2,1,墓门有梅,,,
141,8,2,1,有鸮萃止,萃,3,141-a
141,9,2,2,夫也不良,,,
141,10,2,2,歌以讯之,訊,3,141-a
141,11,2,3,讯予不顾,顧,4,141-b
141,12,2,3,颠倒思予,予,4,141-b
142,1,1,1,防有鹊巢,巢,4,142-a
142,2,1,1,邛有旨苕,苕,4,142-a
142,3,1,2,谁侜予美,,,
142,4,1,2,心焉忉忉,忉忉,3 4,142-a|142-a
142,5,2,1,中唐有甓,甓,4,142-a
142,6,2,1,邛有旨鹝,鷊,4,142-b
142,7,2,2,谁侜予美,,,
142,8,2,2,心焉惕惕,惕惕,3 4,142-a|142-a
143,1,1,1,月出皎兮,皎,3,143-a
143,2,1,1,佼人僚兮,僚,3,143-a
143,3,1,2,舒窈纠兮,糾,3,143-a
143,4,1,2,劳心悄兮,悄,3,143-a
143,5,2,1,月出皓兮,皓,3,143-a
143,6,2,1,佼人懰兮,懰,3,143-a
143,7,2,2,舒懮受兮,受,3,143-a
143,8,2,2,劳心慅兮,慅,3,143-a
143,9,3,1,月出照兮,照,3,143-a
143,10,3,1,佼人燎兮,燎,3,143-a
143,11,3,2,舒夭绍兮,紹,3,143-a
143,12,3,2,劳心惨兮,慘,3,143-a
144,1,1,1,胡为乎株林,林,5,144-a
144,2,1,1,从夏南,南,3,144-a
144,3,1,2,匪适株林,林,4,144-a
144,4,1,2,从夏南,南,3,144-a
144,5,2,1,驾我乘马,馬,4,144-a
144,6,2,1,说于株野,野,4,144-a
144,7,2,2,乘我乘驹,駒,4,144-b
144,8,2,2,朝食于株,株,4,144-b
145,1,1,1,彼泽之陂,陂,4,145-a
145,2,1,1,有蒲与荷,荷,4,145-a
145,3,1,2,有美一人,,,
145,4,1,2,伤如之何,何,4,145-a
145,5,1,3,寤寐无为,為,4,145-a
145,6,1,3,涕泗滂沱,沱,4,145-a
145,7,2,1,彼泽之陂,,,
145,8,2,1,有蒲与蕑,蕑,4,145-a
145,9,2,2,有美一人,,,
145,10,2,2,硕大且卷,卷,4,145-a
145,11,2,3,寤寐无为,,,
145,12,2,3,中心悁悁,悁,4,145-a
145,13,3,1,彼泽之陂,,,
145,14,3,1,有蒲菡萏,菡萏,3 4,145-a|145-a
145,15,3,2,有美一人,,,
145,16,3,2,硕大且俨,儼,4,145-a
145,17,3,3,寤寐无为,,,
145,18,3,3,辗转伏枕,枕,4,145-a
146,1,1,1,羔裘逍遥,遙,4,146-a
146,2,1,1,狐裘以朝,朝,4,146-a
146,3,1,2,岂不尔思,,,
146,4,1,2,劳心忉忉,忉忉,3 4,146-a|146-a
146,5,2,1,羔裘翱翔,翔,4,146-a
146,6,2,1,狐裘在堂,堂,4,146-a
146,7,2,2,岂不尔思,,,
146,8,2,2,我心忧伤,傷,4,146-a
146,9,3,1,羔裘如膏,膏,4,146-a
146,10,3,1,日出有曜,曜,4,146-a
146,11,3,2,岂不尔思,,,
146,12,3,2,中心是悼,悼,4,146-a
147,1,1,1,庶见素冠兮,冠,4,147-a
147,2,1,1,棘人栾栾兮,欒欒,3 4,147-a|147-a
147,3,1,1,劳心慱慱兮,慱慱,3 4,147-b|147-b
147,4,2,1,庶见素衣兮,衣,4,147-a
147,5,2,1,我心伤悲兮,悲,4,147-b
147,6,2,1,聊与子同归兮,歸,5,147-b
147,7,3,1,庶见素韡兮,韡,4,147-a
147,8,3,1,我心蕴结兮,結,4,147-a
147,9,3,1,聊与子如一兮,一,5,147-a
148,1,1,1,隰有苌楚,,,
148,2,1,1,猗傩其枝,枝,4,148-a
148,3,1,2,夭之沃沃,,,
148,4,1,2,乐子之无知,知,5,148-a
148,5,2,1,隰有苌楚,楚,4,148-a
148,6,2,1,猗傩其华,華,4,148-a
148,7,2,2,夭之沃沃,,,
148,8,2,2,乐子之无家,家,5,148-a
148,9,3,1,隰有苌楚,,,
148,10,3,1,猗傩其实,實,4,148-a
148,11,3,2,夭之沃沃,,,
148,12,3,2,乐子之无室,室,5,148-a
149,1,1,1,匪风发兮,發,3,149-a
149,2,1,1,匪车偈兮,偈,3,149-a
149,3,1,2,顾瞻周道,,,
149,4,1,2,中心怛兮,怛,3,149-a
149,5,2,1,匪风飘兮,飄,3,149-a
149,6,2,1,匪车嘌兮,嘌,3,149-a
149,7,2,2,顾瞻周道,,,
149,8,2,2,中心吊兮,弔,3,149-a
149,9,3,1,谁能亨鱼,,,
149,10,3,1,溉之釜鬵,鬵,4,149-a
149,11,3,2,谁将西归,,,
149,12,3,2,怀之好音,音,4,149-a
150,1,1,1,蜉蝣之羽,羽,4,150-a
150,2,1,1,衣裳楚楚,楚楚,3 4,150-a|150-a
150,3,1,2,心之忧矣,,,
150,4,1,2,于我归处,處,4,150-a
150,5,2,1,蜉蝣之翼,翼,4,150-a
150,6,2,1,采采衣服,服,4,150-a
150,7,2,2,心之忧矣,,,
150,8,2,2,于我归息,息,4,150-a
150,9,3,1,蜉蝣掘阅,閱,4,150-a
150,10,3,1,麻衣如雪,雪,4,150-a
150,11,3,2,心之忧矣,,,
150,12,3,2,于我归说,說,4,150-a
151,1,1,1,彼候人兮,,,
151,2,1,1,何戈与祋,祋,4,151-a
151,3,1,2,彼其之子,,,
151,4,1,2,三百赤芾,芾,4,151-a
151,5,2,1,维鹈在梁,,,
151,6,2,1,不濡其翼,翼,4,151-a
151,7,2,2,彼其之子,,,
151,8,2,2,不称其服,服,4,151-a
151,9,3,1,维鹈在梁,,,
151,10,3,1,不濡其咮,咮,4,151-a
151,11,3,2,彼其之子,,,
151,12,3,2,不遂其媾,媾,4,151-a
151,13,4,1,荟兮蔚兮,薈蔚,1 3,151-a|151-a
151,14,4,1,南山朝,隮,4,151-b
151,15,4,2,婉兮娈兮,婉孌,1 3,151-c|151-c
151,16,4,2,季女斯饥,飢,4,151-b
152,1,1,1,鸤鸠在桑,,,
152,2,1,1,其子七兮,七,3,152-a
152,3,1,2,淑人君子,,,
152,4,1,2,其仪一兮,一,3,152-a
152,5,1,3,其仪一兮,一,3,152-a
152,6,1,3,心如结兮,結,3,152-a
152,7,2,1,鸤鸠在桑,,,
152,8,2,1,其子在梅,梅,4,152-a
152,9,2,2,淑人君子,,,
152,10,2,2,其带伊丝,絲,4,152-a
152,11,2,3,其带伊丝,絲,4,152-a
152,12,2,3,其弁伊骐,騏,4,152-a
152,13,3,1,鸤鸠在桑,,,
152,14,3,1,其子在棘,棘,4,152-a
152,15,3,2,淑人君子,,,
152,16,3,2,其仪不忒,忒,4,152-a
152,17,3,3,其仪不忒,忒,4,152-a
152,18,3,3,正是四国,國,4,152-a
152,19,4,1,鸤鸠在桑,,,
152,20,4,1,其子在榛,榛,4,152-a
152,21,4,2,淑人君子,,,
152,22,4,2,正是国人,人,4,152-a
152,23,4,3,正是国人,人,4,152-a
152,24,4,3,胡不万年,年,4,152-a
153,1,1,1,冽彼下泉,泉,4,153-a
153,2,1,1,浸彼苞稂,稂,4,153-b
153,3,1,2,忾我寤叹,嘆,4,153-a
153,4,1,2,念彼周京,京,4,153-b
153,5,2,1,冽彼下泉,泉,4,153-a
153,6,2,1,浸彼苞萧,蕭,4,153-b
153,7,2,2,忾我寤叹,嘆,4,153-a
153,8,2,2,念彼京周,周,4,153-b
153,9,3,1,冽彼下泉,泉,4,153-a
153,10,3,1,浸彼苞蓍,蓍,4,153-b
153,11,3,2,忾无寤叹,嘆,4,153-a
153,12,3,2,念彼京师,師,4,153-b
153,13,4,1,芃芃黍苗,,,
153,14,4,1,阴雨膏之,膏,3,153-a
153,15,4,2,四国有王,,,
153,16,4,2,郇伯劳之,勞,3,153-a
154,1,1,1,七月流火,火,4,154-a
154,2,1,1,九月授衣,衣,4,154-a
154,3,1,2,一之日觱发,發,5,154-b
154,4,1,2,二之日栗烈,烈,5,154-b
154,5,1,3,无衣无褐,褐,4,154-b
154,6,1,3,何以卒岁,歲,4,154-b
154,7,1,4,三之日于耜,耜,5,154-c
154,8,1,4,四之日举趾,趾,5,154-c
154,9,1,5,同我妇子,子,4,154-c
154,10,1,5,馌彼南亩,畝,4,154-c
154,11,1,5,田畯至喜,喜,4,154-c
154,12,2,1,七月流火,火,4,154-a
154,13,2,1,九月授衣,衣,4,154-a
154,14,2,2,春日载阳,陽,4,154-b
154,15,2,2,有鸣仓庚,庚,4,154-b
154,16,2,3,女执懿筐,筐,4,154-b
154,17,2,3,遵彼微行,行,4,154-b
154,18,2,3,爰求柔桑,桑,4,154-b
154,19,2,4,春日迟迟,遲,4,154-c
154,20,2,4,采蘩祁祁,祁,4,154-c
154,21,2,5,女心伤悲,悲,4,154-c
154,22,2,5,殆及公子同归,歸,6,154-c
154,23,3,1,七月流火,火,4,154-a
154,24,3,1,八月萑苇,葦,4,154-a
154,25,3,2,蚕月条桑,桑,4,154-b
154,26,3,2,取彼斧斨,斨,4,154-b
154,27,3,2,以伐远扬,揚,4,154-b
154,28,3,2,猗彼女桑,桑,4,154-b
154,29,3,3,七月鸣鵙,鵙,4,154-c
154,30,3,3,八月载绩,績,4,154-c
154,31,3,4,载玄载黄,黃,4,154-d
154,32,3,4,我朱孔阳,陽,4,154-d
154,33,3,4,为公子裳,裳,4,154-d
154,34,4,1,四月秀葽,葽,4,154-a
154,35,4,1,五月鸣蜩,蜩,4,154-a
154,36,4,2,八月其获,穫,4,154-b
154,37,4,2,十月陨萚,蘀,4,154-b
154,38,4,3,一之日于貉,貉,5,154-b
154,39,4,3,取彼狐狸,狸,4,154-c
154,40,4,3,为公子裘,裘,4,154-c
154,41,4,4,二之日其同,同,5,154-d
154,42,4,4,载缵武功,功,4,154-d
154,43,4,4,言私其,豵,4,154-d
154,44,4,4,献豜于公,公,4,154-d
154,45,5,1,五月斯螽动股,股,6,154-a
154,46,5,1,六月莎鸡振羽,羽,6,154-a
154,47,5,2,七月在野,野,4,154-a
154,48,5,2,八月在宇,宇,4,154-a
154,49,5,2,九月在户,戶,4,154-a
154,50,5,3,十月蟋蟀,,,
154,51,5,3,入我床下,下,4,154-a
154,52,5,4,穹窒熏鼠,鼠,4,154-a
154,53,5,5,塞向墐户,戶,4,154-a
154,54,5,6,嗟我妇子,,,
154,55,5,6,曰为改岁,,,
154,56,5,6,入此室处,處,4,154-a
154,57,6,1,六月食郁及薁,薁,6,154-a
154,58,6,1,七月亨葵及菽,菽,6,154-a
154,59,6,2,八月剥枣,棗,4,154-b
154,60,6,2,十月获稻,稻,4,154-b
154,61,6,3,为此春酒,酒,4,154-b
154,62,6,3,以介眉寿,壽,4,154-b
154,63,6,4,七月食瓜,瓜,4,154-c
154,64,6,4,八月断壶,壺,4,154-c
154,65,6,4,九月叔苴,苴,4,154-c
154,66,6,4,采荼薪樗,樗,4,154-c
154,67,6,5,食我农夫,夫,4,154-c
154,68,7,1,九月筑场圃,圃,5,154-a
154,69,7,1,十月纳禾稼,稼,5,154-a
154,70,7,2,黍稷重穋,穋,4,154-b
154,71,7,2,禾麻菽麦,麥,4,154-b
154,72,7,3,嗟我农夫,,,
154,73,7,3,我稼既同,同,4,154-c
154,74,7,3,上入执宫功,功,5,154-c
154,75,7,4,昼尔于茅,茅,4,154-d
154,76,7,4,宵尔索绹,綯,4,154-d
154,77,7,5,亟其乘屋,屋,4,154-e
154,78,7,5,其始播百谷,穀,5,154-e
154,79,8,1,二之日凿冰冲冲,沖沖,6 7,154-a|154-a
154,80,8,1,三之日纳于凌阴,陰,7,154-a
154,81,8,2,四之日其蚤,蚤,5,154-b
154,82,8,2,献羔祭韭,韭,4,154-b
154,83,8,3,九月肃霜,霜,4,154-c
154,84,8,3,十月涤场,場,4,154-c
154,85,8,4,朋酒斯响,響,4,154-c
154,86,8,4,曰杀羔羊,羊,4,154-c
154,87,8,5,跻彼公堂,堂,4,154-c
154,88,8,5,称彼兕觥,觥,4,154-c
154,89,8,5,万寿无疆,疆,4,154-c
155,1,1,1,鸱鸮鸱鸮,,,
155,2,1,1,既取我子,,,
155,3,1,1,无毁我室,,,
155,4,1,2,恩斯勤斯,恩勤,1 3,155-a|155-a
155,5,1,2,鬻子之闵斯,閔,4,155-a
155,6,2,1,迨天之未阴雨,雨,6,155-a
155,7,2,1,彻彼桑土,土,4,155-a
155,8,2,1,绸缪牖户,戶,4,155-a
155,9,2,2,今女下民,,,
155,10,2,2,或敢侮予,予,4,155-a
155,11,3,1,予手拮据,据,4,155-a
155,12,3,1,予所捋荼,荼,4,155-a
155,13,3,1,予所蓄租,租,4,155-a
155,14,3,1,予口卒瘏,瘏,4,155-a
155,15,3,1,曰予未有室家,室,5,155-a
155,16,4,1,予羽谯谯,譙,4,155-a
155,17,4,1,予尾翛翛,翛翛,3 4,155-a|155-a
155,18,4,1,予室翘翘,翹翹,3 4,155-a|155-a
155,19,4,1,风雨所漂摇,搖,5,155-a
155,20,4,1,予维音哓哓,嘵嘵,4 5,155-a|155-a
156,1,1,1,我徂东山,,,
156,2,1,1,慆慆不归,,,
156,3,1,2,我来自东,東,4,156-a
156,4,1,2,零雨其蒙,濛,4,156-a
156,5,1,3,我东曰归,歸,4,156-b
156,6,1,3,我心西悲,悲,4,156-b
156,7,1,4,制彼裳衣,衣,4,156-b
156,8,1,4,勿士行枚,枚,4,156-b
156,9,1,5,蜎蜎者蠋,蠋,4,156-c
156,10,1,5,烝在桑野,野,4,156-d
156,11,1,6,敦彼独宿,宿,4,156-c
156,12,1,6,亦在车下,下,4,156-d
156,13,2,1,我徂东山,,,
156,14,2,1,慆慆不归,,,
156,15,2,2,我来自东,東,4,156-a
156,16,2,2,零雨其蒙,濛,4,156-a
156,17,2,3,果裸之实,實,4,156-b
156,18,2,3,亦施于宇,宇,4,156-c
156,19,2,4,伊威在室,室,4,156-b
156,20,2,4,蟏蛸在户,戶,4,156-c
156,21,2,5,町曈鹿场,場,4,156-d
156,22,2,5,熠燿宵行,行,4,156-d
156,23,2,6,不可畏也,畏,3,156-e
156,24,2,6,伊可怀也,懷,3,156-e
156,25,3,1,我徂东山,,,
156,26,3,1,慆慆不归,,,
156,27,3,2,我来自东,東,4,156-a
156,28,3,2,零雨其蒙,濛,4,156-a
156,29,3,3,鹳鸣于垤,垤,4,156-b
156,30,3,3,妇叹于室,室,4,156-b
156,31,3,4,洒扫穹窒,窒,4,156-b
156,32,3,4,我征聿至,至,4,156-b
156,33,3,5,有敦瓜苦,,,
156,34,3,5,烝在栗薪,薪,4,156-c
156,35,3,6,自我不见,,,
156,36,3,6,于今三年,年,4,156-c
156,37,4,1,我徂东山,,,
156,38,4,1,慆慆不归,,,
156,39,4,2,我来自东,東,4,156-a
156,40,4,2,零雨其蒙,濛,4,156-a
156,41,4,3,仓庚于飞,飛,4,156-b
156,42,4,3,熠燿其羽,羽,4,156-c
156,43,4,4,之子于归,歸,4,156-b
156,44,4,4,皇驳其马,馬,4,156-c
156,45,4,5,亲结其缡,縭,4,156-d
156,46,4,5,九十其仪,儀,4,156-d
156,47,4,6,其新孔嘉,嘉,4,156-d
156,48,4,6,其旧如之何,何,5,156-d
157,1,1,1,既破我斧,,,
157,2,1,1,又缺我斨,斨,4,157-a
157,3,1,2,周公东征,,,
157,4,1,2,四国是皇,皇,4,157-a
157,5,1,3,哀我人斯,,,
157,6,1,3,亦孔之将,將,4,157-a
157,7,2,1,既破我斧,,,
157,8,2,1,又缺我锜,錡,4,157-a
157,9,2,2,周公东征,,,
157,10,2,2,四国是吪,吪,4,157-a
157,11,2,3,哀我人斯,,,
157,12,2,3,亦孔之嘉,嘉,4,157-a
157,13,3,1,既破我斧,,,
157,14,3,1,又缺我,銶,4,157-a
157,15,3,2,周公东征,,,
157,16,3,2,四国是遒,遒,4,157-a
157,17,3,3,哀我人斯,,,
157,18,3,3,亦孔之休,休,4,157-a
158,1,1,1,伐柯如何,,,
158,2,1,1,匪斧不克,克,4,158-a
158,3,1,2,取妻如何,,,
158,4,1,2,匪媒不得,得,4,158-a
158,5,2,1,伐柯伐柯,,,
158,6,2,1,其则不远,遠,4,158-a
158,7,2,2,我觏之子,,,
158,8,2,2,笾豆有践,踐,4,158-a
159,1,1,1,九罭之鱼,,,
159,2,1,1,鳟鲂,魴,2,159-a
159,3,1,2,我觏之子,,,
159,4,1,2,衮衣绣裳,裳,4,159-a
159,5,2,1,鸿飞遵渚,渚,4,159-a
159,6,2,1,公归无所,所,4,159-a
159,7,2,1,于女信处,處,4,159-a
159,8,3,1,鸿飞遵陆,陸,4,159-a
159,9,3,1,公归不复,復,4,159-a
159,10,3,1,于女信宿,宿,4,159-a
159,11,4,1,是以有衮衣兮,衣,5,159-a
159,12,4,1,无以我公归兮,歸,5,159-a
159,13,4,1,无使我心悲兮,悲,5,159-a
160,1,1,1,狼跋其胡,胡,4,160-a
160,2,1,1,载疐其尾,尾,4,160-b
160,3,1,2,公孙硕肤,膚,4,160-a
160,4,1,2,赤舄几几,几,4,160-b
160,5,2,1,狼疐其尾,,,
160,6,2,1,载跋其胡,胡,4,160-a
160,7,2,2,公孙硕肤,膚,4,160-a
160,8,2,2,德音不瑕,瑕,4,160-a
161,1,1,1,呦呦鹿鸣,鳴,4,161-a
161,2,1,1,食野之苹,苹,4,161-a
161,3,1,2,我有嘉宾,,,
161,4,1,2,鼓瑟吹笙,笙,4,161-a
161,5,1,3,吹笙鼓簧,簧,4,161-b
161,6,1,3,承筐是将,將,4,161-b
161,7,1,4,人之好我,,,
161,8,1,4,示我周行,行,4,161-b
161,9,2,1,呦呦鹿鸣,,,
161,10,2,1,食野之蒿,蒿,4,161-a
161,11,2,2,我有嘉宾,,,
161,12,2,2,德音孔昭,昭,4,161-a
161,13,2,3,视民不恌,恌,4,161-a
161,14,2,3,君子是则是效,傚,6,161-a
161,15,2,4,我有旨酒,,,
161,16,2,4,嘉宾式燕以敖,敖,6,161-a
161,17,3,1,呦呦鹿鸣,,,
161,18,3,1,食野之芩,芩,4,161-a
161,19,3,2,我有嘉宾,,,
161,20,3,2,鼓瑟鼓琴,琴,4,161-a
161,21,3,3,鼓瑟鼓琴,琴,4,161-a
161,22,3,3,和乐且湛,湛,4,161-a
161,23,3,4,我有旨酒,,,
161,24,3,4,以嘉乐嘉宾之心,心,7,161-a
162,1,1,1,四牡,騑騑,3 4,162-a|162-a
162,2,1,1,周道倭迟,遲,4,162-a
162,3,1,2,岂不怀归,歸,4,162-a
162,4,1,2,王事靡盬,,,
162,5,1,2,我心伤悲,悲,4,162-a
162,6,2,1,四牡,騑騑,3 4,162-a|162-a
162,7,2,1,啴啴骆马,馬,4,162-b
162,8,2,2,岂不怀归,歸,4,162-a
162,9,2,2,王事靡盬,盬,4,162-b
162,10,2,2,不遑启处,處,4,162-b
162,11,3,1,翩翩者鵻,,,
162,12,3,1,载飞载下,下,4,162-a
162,13,3,1,集于苞栩,栩,4,162-a
162,14,3,2,王事靡盬,盬,4,162-a
162,15,3,2,不遑将父,父,4,162-a
162,16,4,1,翩翩者鵻,,,
162,17,4,1,载飞载止,止,4,162-a
162,18,4,1,集于苞杞,杞,4,162-a
162,19,4,2,王事靡盬,,,
162,20,4,2,不遑将母,母,4,162-a
162,21,5,1,驾彼四骆,,,
162,22,5,1,载骤骎骎,駸駸,3 4,162-a|162-a
162,23,5,2,岂不怀归,,,
162,24,5,2,是用作歌,,,
162,25,5,2,将母来谂,諗,4,162-a
163,1,1,1,皇皇者华,華,4,163-a
163,2,1,1,于彼原隰,隰,4,163-b
163,3,1,2,征夫,夫,4,163-a
163,4,1,2,每怀靡及,及,4,163-b
163,5,2,1,我马维驹,駒,4,163-a
163,6,2,1,六辔如濡,濡,4,163-a
163,7,2,2,载驰载驱,驅,4,163-a
163,8,2,2,周爰咨诹,諏,4,163-a
163,9,3,1,我马维骐,騏,4,163-a
163,10,3,1,六辔如丝,絲,4,163-a
163,11,3,2,载驰载驱,,,
163,12,3,2,周爰咨谋,謀,4,163-a
163,13,4,1,我马维骆,駱,4,163-a
163,14,4,1,六辔沃若,若,4,163-a
163,15,4,2,载驰载驱,,,
163,16,4,2,周爰咨度,度,4,163-a
163,17,5,1,我马维骃,駰,4,163-a
163,18,5,1,六辔既均,均,4,163-a
163,19,5,2,载驰载驱,,,
163,20,5,2,周爰咨询,詢,4,163-a
164,1,1,1,常棣之华,,,
164,2,1,1,鄂不韡韡,韡,4,164-a
164,3,1,2,凡今之人,,,
164,4,1,2,莫如兄弟,弟,4,164-a
164,5,2,1,死丧之威,威,4,164-a
164,6,2,1,兄弟孔怀,懷,4,164-a
164,7,2,2,原隰裒矣,裒,3,164-b
164,8,2,2,兄弟求矣,求,3,164-b
164,9,3,1,脊今在原,原,4,164-a
164,10,3,1,兄弟急难,難,4,164-a
164,11,3,2,每有良朋,,,
164,12,3,2,况也永叹,歎,4,164-a
164,13,4,1,兄弟阋于墙,,,
164,14,4,1,外御其务,務,4,164-a
164,15,4,2,每有良朋,,,
164,16,4,2,烝也无戎,戎,4,164-a
164,17,5,1,丧乱既平,平,4,164-a
164,18,5,1,既安且宁,寧,4,164-a
164,19,5,2,虽有兄弟,,,
164,20,5,2,不如友生,生,4,164-a
164,21,6,1,傧尔笾豆,豆,4,164-a
164,22,6,1,饮酒之饫,飫,4,164-a
164,23,6,2,兄弟既具,具,4,164-a
164,24,6,2,和乐且孺,孺,4,164-a
164,25,7,1,妻子好合,合,4,164-a
164,26,7,1,如鼓瑟琴,琴,4,164-b
164,27,7,2,兄弟既翕,翕,4,164-a
164,28,7,2,和乐且湛,湛,4,164-b
164,29,8,1,宜尔室家,家,4,164-a
164,30,8,1,乐尔妻帑,帑,4,164-a
164,31,8,2,是究是图,圖,4,164-a
164,32,8,2,亶其然乎,乎,4,164-a
165,1,1,1,伐木丁丁,丁丁,3 4,165-a|165-a
165,2,1,1,鸟鸣嘤嘤,嚶嚶,3 4,165-a|165-a
165,3,1,2,出自幽谷,谷,4,165-b
165,4,1,2,迁于乔木,木,4,165-b
165,5,1,3,嘤其鸣矣,,,
165,6,1,3,求其友声,聲,4,165-a
165,7,1,4,相彼鸟矣,,,
165,8,1,4,犹求友声,聲,4,165-a
165,9,1,5,矧伊人矣,,,
165,10,1,5,不求友生,生,4,165-a
165,11,1,6,神之听之,,,
165,12,1,6,终和且平,平,4,165-a
165,13,2,1,伐木许许,許,4,165-a
165,14,2,1,酾酒有藇,藇,4,165-a
165,15,2,2,既有肥羜,羜,4,165-a
165,16,2,2,以速诸父,父,4,165-a
165,17,2,3,宁适不来,,,
165,18,2,3,微我弗顾,顧,4,165-a
165,19,2,4,于粲洒埽,埽,4,165-b
165,20,2,4,陈馈八簋,簋,4,165-b
165,21,2,5,既有肥牡,牡,4,165-b
165,22,2,5,以速诸舅,舅,4,165-b
165,23,2,6,宁适不来,,,
165,24,2,6,微我有咎,咎,4,165-b
165,25,3,1,伐木于阪,阪,4,165-a
165,26,3,1,酾酒有衍,衍,4,165-a
165,27,3,2,笾豆有践,踐,4,165-a
165,28,3,2,兄弟无远,遠,4,165-a
165,29,3,3,民之失德,,,
165,30,3,3,干糇以愆,愆,4,165-a
165,31,3,4,有酒湑我,湑,3,165-b
165,32,3,4,无酒酤我,酤,3,165-b
165,33,3,5,坎坎鼓我,鼓,3,165-b
165,34,3,5,蹲蹲舞我,舞,3,165-b
165,35,3,6,迨我暇矣,暇,3,165-b
165,36,3,6,饮此湑矣,湑,3,165-b
166,1,1,1,天保定尔,,,
166,2,1,1,亦孔之固,固,4,166-a
166,3,1,2,俾尔单厚,,,
166,4,1,2,何福不除,除,4,166-a
166,5,1,3,俾尔多益,,,
166,6,1,3,以莫不庶,庶,4,166-a
166,7,2,1,天保定尔,,,
166,8,2,1,俾尔戬谷,穀,4,166-a
166,9,2,2,罄无不宜,,,
166,10,2,2,受天百禄,祿,4,166-a
166,11,2,3,降尔遐福,,,
166,12,2,3,维日不足,足,4,166-a
166,13,3,1,天保定尔,,,
166,14,3,1,以莫不兴,興,4,166-a
166,15,3,2,如山如阜,,,
166,16,3,2,如冈如陵,陵,4,166-a
166,17,3,3,如川之方至,,,
166,18,3,3,以莫不增,增,4,166-a
166,19,4,1,吉蠲为饎,,,
166,20,4,1,是用孝享,享,4,166-a
166,21,4,2,禴祠烝尝,嘗,4,166-a
166,22,4,2,于公先王,王,4,166-a
166,23,4,3,君曰卜尔,,,
166,24,4,3,万寿无疆,疆,4,166-a
166,25,5,1,神之吊矣,,,
166,26,5,1,诒尔多福,福,4,166-a
166,27,5,2,民之质矣,,,
166,28,5,2,日用饮食,食,4,166-a
166,29,5,3,群黍百姓,,,
166,30,5,3,边为尔德,德,4,166-a
166,31,6,1,如月之恒,恆,4,166-a
166,32,6,1,如日之升,升,4,166-a
166,33,6,2,如南山之寿,壽,5,166-b
166,34,6,2,不骞不崩,崩,4,166-a
166,35,6,3,如松伯之茂,茂,5,166-b
166,36,6,3,无不尔或承,承,5,166-a
167,1,1,1,采薇采薇,薇,4,167-a
167,2,1,1,薇亦作止,作,3,167-b
167,3,1,2,曰归曰归,歸,4,167-a
167,4,1,2,岁亦莫止,莫,3,167-b
167,5,1,3,靡室靡家,家,4,167-c
167,6,1,3,狁之故,故,4,167-c
167,7,1,4,不遑启居,居,4,167-c
167,8,1,4,狁之故,故,4,167-c
167,9,2,1,采薇采薇,薇,4,167-a
167,10,2,1,薇亦柔止,柔,3,167-b
167,11,2,2,曰归曰归,歸,4,167-a
167,12,2,2,心亦忧止,憂,3,167-b
167,13,2,3,忧心烈烈,烈烈,3 4,167-c|167-c
167,14,2,3,载饥载渴,渴,4,167-c
167,15,2,4,我戌未定,定,4,167-d
167,16,2,4,靡使归聘,聘,4,167-d
167,17,3,1,采薇采薇,薇,4,167-a
167,18,3,1,薇亦刚止,剛,3,167-b
167,19,3,2,曰归曰归,歸,4,167-a
167,20,3,2,岁亦阳止,陽,3,167-b
167,21,3,3,王事靡盬,盬,4,167-c
167,22,3,3,不遑启处,處,4,167-c
167,23,3,4,忧心孔疚,疚,4,167-d
167,24,3,4,我行不来,來,4,167-d
167,25,4,1,彼尔维何,何,4,167-a
167,26,4,1,维常之华,華,4,167-a
167,27,4,2,彼路斯何,何,4,167-a
167,28,4,2,君子之车,車,4,167-a
167,29,4,3,戎车既驾,駕,4,167-a
167,30,4,3,四牡业业,業業,3 4,167-c|167-c
167,31,4,4,岂敢定居,,,
167,32,4,4,一月三捷,捷,4,167-c
167,33,5,1,驾彼四牡,,,
167,34,5,1,四牡骙骙,騤騤,3 4,167-a|167-a
167,35,5,2,君子所依,依,4,167-a
167,36,5,2,小人所腓,腓,4,167-a
167,37,5,3,四牡翼翼,翼翼,3 4,167-b|167-b
167,38,5,3,象弭鱼服,服,4,167-b
167,39,5,4,岂不日戒,戒,4,167-b
167,40,5,4,狁孔棘,棘,4,167-b
167,41,6,1,昔我往矣,,,
167,42,6,1,杨柳依依,依依,3 4,167-a|167-a
167,43,6,2,今我来思,,,
167,44,6,2,雨雪霏霏,霏霏,3 4,167-a|167-a
167,45,6,3,行道迟迟,遲遲,3 4,167-a|167-a
167,46,6,3,载渴载饥,飢,4,167-a
167,47,6,4,我心伤悲,悲,4,167-a
167,48,6,4,莫知我哀,哀,4,167-a
168,1,1,1,我出我车,,,
168,2,1,1,于彼牧矣,牧,3,168-a
168,3,1,2,自天子所,,,
168,4,1,2,谓我来矣,來,3,168-a
168,5,1,3,召彼仆夫,,,
168,6,1,3,谓之载矣,載,3,168-a
168,7,1,4,王事多难,,,
168,8,1,4,维其棘矣,棘,3,168-a
168,9,2,1,我出我车,,,
168,10,2,1,于彼郊矣,郊,3,168-a
168,11,2,2,设此旐矣,旐,3,168-a
168,12,2,2,建彼旄矣,旄,3,168-a
168,13,2,3,彼旟旐斯,,,
168,14,2,3,胡不旆旆,旆,3,168-b
168,15,2,4,忧心悄悄,,,
168,16,2,4,仆夫况瘁,況,3,168-b
168,17,3,1,王命南仲,,,
168,18,3,1,往城于方,方,4,168-a
168,19,3,2,出车彭彭,彭彭,3 4,168-a|168-a
168,20,3,2,旗旐央央,央央,3 4,168-a|168-a
168,21,3,3,天子命我,,,
168,22,3,3,城彼朔方,方,4,168-a
168,23,3,4,赫赫南仲,,,
168,24,3,4,狁于襄,襄,4,168-a
168,25,4,1,昔我往矣,,,
168,26,4,1,黍稷方华,華,4,168-a
168,27,4,2,今我来思,,,
168,28,4,2,雨雪载涂,塗,4,168-a
168,29,4,3,王事多难,,,
168,30,4,3,不遑启居,居,4,168-a
168,31,4,4,岂不怀归,,,
168,32,4,4,畏此简书,書,4,168-a
168,33,5,1,喓喓草虫,蟲,4,168-k
168,34,5,1,趯趯阜螽,螽,4,168-a
168,35,5,2,未见君子,,,
168,36,5,2,忧心忡忡,忡,4,168-a
168,37,5,3,既见君子,,,
168,38,5,3,我心则降,降,4,168-a
168,39,5,4,赫赫南仲,,,
168,40,5,4,薄伐西戎,戎,4,168-a
168,41,6,1,春日迟迟,遲遲,3 4,168-a|168-a
168,42,6,1,卉木萋萋,萋萋,3 4,168-a|168-a
168,43,6,2,仓庚喈喈,喈喈,3 4,168-a|168-a
168,44,6,2,采蘩祁祁,祁祁,3 4,168-a|168-a
168,45,6,3,执讯获丑,,,
168,46,6,3,薄言还归,歸,4,168-a
168,47,6,4,赫赫南仲,,,
168,48,6,4,狁于夷,夷,4,168-a
169,1,1,1,有杕之杜,杜,4,169-a
169,2,1,1,有睆其实,實,4,169-b
169,3,1,2,王事靡盬,盬,4,169-a
169,4,1,2,继嗣我日,日,4,169-b
169,5,1,3,日月阳止,陽,3,169-c
169,6,1,3,女心伤止,傷,3,169-c
169,7,1,3,征夫遑止,遑,3,169-c
169,8,2,1,有杕之杜,杜,4,169-a
169,9,2,1,其叶萋萋,萋萋,3 4,169-b|169-b
169,10,2,2,王事靡盬,盬,4,169-a
169,11,2,2,我心伤悲,悲,4,169-b
169,12,2,3,卉木萋止,萋,3,169-b
169,13,2,3,女心悲止,悲,3,169-b
169,14,2,3,征夫归止,歸,3,169-b
169,15,3,1,陟彼北山,,,
169,16,3,1,言采其杞,杞,4,169-a
169,17,3,2,王事靡盬,,,
169,18,3,2,忧我父母,母,4,169-a
169,19,3,3,檀车,幝幝,3 4,169-b|169-b
169,20,3,3,四牡痯痯,痯痯,3 4,169-b|169-b
169,21,3,3,征夫不远,遠,4,169-b
169,22,4,1,匪载匪来,載來,2 4,169-a|169-a
169,23,4,1,忧心孔疚,疚,4,169-a
169,24,4,2,期逝不至,至,4,169-b
169,25,4,2,而多为恤,恤,4,169-b
169,26,4,3,卜筮偕止,偕,3,169-c
169,27,4,3,会言近止,近,3,169-c
169,28,4,3,征夫迩止,邇,3,169-c
170,1,1,1,鱼丽于罶,罶,4,170-a
170,2,1,1,鲿鲨,鯊,2,170-b
170,3,1,2,君子有酒,酒,4,170-a
170,4,1,2,旨且多,多,3,170-b
170,5,2,1,鱼丽于罶,罶,4,170-a
170,6,2,1,鲂鳢,鱧,2,170-b
170,7,2,2,君子有酒,酒,4,170-a
170,8,2,2,多且旨,旨,3,170-b
170,9,3,1,鱼丽于罶,罶,4,170-a
170,10,3,1,鲤,鯉,2,170-b
170,11,3,2,君子有酒,酒,4,170-a
170,12,3,2,旨且有,有,3,170-b
170,13,4,1,物其多矣,多,3,170-a
170,14,4,1,维其嘉矣,嘉,3,170-a
170,15,5,1,物其旨矣,旨,3,170-a
170,16,5,1,维其偕矣,偕,3,170-a
170,17,6,1,物其有矣,有,3,170-a
170,18,6,1,维其时矣,時,3,170-a
171,1,1,1,南有嘉鱼,,,
171,2,1,1,烝然罩罩,罩罩,3 4,171-a|171-a
171,3,1,2,君子有酒,,,
171,4,1,2,嘉宾式燕以乐,樂,6,171-a
171,5,2,1,南有嘉鱼,,,
171,6,2,1,烝然汕汕,汕汕,3 4,171-a|171-a
171,7,2,2,君子有酒,,,
171,8,2,2,嘉宾式燕以衎,衎,6,171-a
171,9,3,1,南有樛木,,,
171,10,3,1,甘瓠累之,纍,3,171-a
171,11,3,2,君子有酒,,,
171,12,3,2,嘉宾式燕绥之,綏,5,171-a
171,13,4,1,翩翩者鵻,,,
171,14,4,1,烝然来思,來,3,171-a
171,15,4,2,君子有酒,,,
171,16,4,2,嘉宾式燕又思,又,5,171-a
172,1,1,1,南山有台,臺,4,172-a
172,2,1,1,北山有莱,萊,4,172-a
172,3,1,2,乐只君子,,,
172,4,1,2,邦家之基,基,4,172-a
172,5,1,3,乐只君子,,,
172,6,1,3,万寿无期,期,4,172-a
172,7,2,1,南山有桑,桑,4,172-a
172,8,2,1,北山有杨,楊,4,172-a
172,9,2,2,乐只君子,,,
172,10,2,2,邦家之光,光,4,172-a
172,11,2,3,乐只君子,,,
172,12,2,3,万寿无疆,疆,4,172-a
172,13,3,1,南山有杞,杞,4,172-a
172,14,3,1,北山有李,李,4,172-a
172,15,3,2,乐只君子,子,4,172-a
172,16,3,2,民之父母,母,4,172-a
172,17,3,3,乐只君子,子,4,172-a
172,18,3,3,德音不已,已,4,172-a
172,19,4,1,南山有栲,栲,4,172-a
172,20,4,1,北山有杻,杻,4,172-a
172,21,4,2,乐只君子,,,
172,22,4,2,遐不眉寿,壽,4,172-a
172,23,4,3,乐只君子,,,
172,24,4,3,德音是茂,茂,4,172-a
172,25,5,1,南山有枸,枸,4,172-a
172,26,5,1,北山有楰,楰,4,172-a
172,27,5,2,乐只君子,,,
172,28,5,2,遐不黄耇,耇,4,172-a
172,29,5,3,乐只君子,,,
172,30,5,3,保艾尔后,後,4,172-a
173,1,1,1,蓼彼萧斯,,,
173,2,1,1,零露湑兮,湑,3,173-a
173,3,1,2,既见君子,,,
173,4,1,2,我心写兮,寫,3,173-a
173,5,1,3,燕笑语兮,語,3,173-a
173,6,1,3,是以有誉处兮,處,5,173-a
173,7,2,1,蓼彼萧斯,,,
173,8,2,1,零露瀼瀼,瀼瀼,3 4,173-a|173-a
173,9,2,2,既见君子,,,
173,10,2,2,为龙为光,光,4,173-a
173,11,2,3,其德不爽,爽,4,173-a
173,12,2,3,寿考不忘,忘,4,173-a
173,13,3,1,蓼彼萧斯,,,
173,14,3,1,零露泥泥,泥泥,3 4,173-a|173-a
173,15,3,2,既见君子,,,
173,16,3,2,孔燕岂弟,弟,4,173-a
173,17,3,3,宜兄宜弟,弟,4,173-a
173,18,3,3,令德寿岂,豈,4,173-a
173,19,4,1,蓼彼萧斯,,,
173,20,4,1,零露浓浓,濃濃,3 4,173-a|173-a
173,21,4,2,既见君子,,,
173,22,4,2,鞗革冲冲,沖沖,3 4,173-a|173-a
173,23,4,3,和鸾雝雝,雝雝,3 4,173-a|173-a
173,24,4,3,万福攸同,同,4,173-a
174,1,1,1,湛湛露斯,,,
174,2,1,1,匪阳不晞,晞,4,174-a
174,3,1,2,厌厌夜饮,,,
174,4,1,2,不醉无归,歸,4,174-a
174,5,2,1,湛湛露斯,,,
174,6,2,1,在彼丰草,草,4,174-a
174,7,2,2,厌厌夜饮,,,
174,8,2,2,在宗载考,考,4,174-a
174,9,3,1,湛湛露斯,,,
174,10,3,1,在彼杞棘,棘,4,174-a
174,11,3,2,显允君子,,,
174,12,3,2,莫不令德,德,4,174-a
174,13,4,1,其实其椅,椅,4,174-a
174,14,4,1,其实离离,離,4,174-a
174,15,4,2,岂弟君子,,,
174,16,4,2,莫不令仪,儀,4,174-a
175,1,1,1,彤弓弨兮,,,
175,2,1,1,受言藏之,藏,3,175-a
175,3,1,2,我有嘉宾,,,
175,4,1,2,中心贶之,貺,3,175-a
175,5,1,3,钟鼓既设,,,
175,6,1,3,一朝飨之,饗,3,175-a
175,7,2,1,彤弓弨兮,,,
175,8,2,1,受言载之,載,3,175-a
175,9,2,2,我有嘉宾,,,
175,10,2,2,中心喜之,喜,3,175-a
175,11,2,3,钟鼓既设,,,
175,12,2,3,一朝右之,右,3,175-a
175,13,3,1,彤弓弨兮,,,
175,14,3,1,受言櫜之,櫜,3,175-a
175,15,3,2,我有嘉宾,,,
175,16,3,2,中心好之,好,3,175-a
175,17,3,3,钟鼓既设,,,
175,18,3,3,一朝酬之,酬,3,175-a
176,1,1,1,菁菁者莪,莪,4,176-a
176,2,1,1,在彼中阿,阿,4,176-a
176,3,1,2,既见君子,,,
176,4,1,2,乐且有仪,儀,4,176-a
176,5,2,1,菁菁者莪,,,
176,6,2,1,在彼中沚,沚,4,176-a
176,7,2,2,既见君子,,,
176,8,2,2,我心则喜,喜,4,176-a
176,9,3,1,菁菁者莪,,,
176,10,3,1,在彼中陵,陵,4,176-a
176,11,3,2,既见君子,,,
176,12,3,2,锡我百朋,朋,4,176-a
176,13,4,1,泛泛杨舟,舟,4,176-a
176,14,4,1,载沉载浮,浮,4,176-a
176,15,4,2,既见君子,,,
176,16,4,2,我心则休,休,4,176-a
177,1,1,1,六月栖栖,棲棲,3 4,177-a|177-a
177,2,1,1,戎车既饬,飭,4,177-b
177,3,1,2,四牡骙骙,騤騤,3 4,177-a|177-a
177,4,1,2,载是常服,服,4,177-b
177,5,1,3,狁孔炽,熾,4,177-b
177,6,1,3,我是用急,急,4,177-b
177,7,1,4,王于出征,,,
177,8,1,4,以匡王国,國,4,177-b
177,9,2,1,比物四骊,,,
177,10,2,1,闲之维则,則,4,177-a
177,11,2,2,维此六月,,,
177,12,2,2,既成我服,服,4,177-a
177,13,2,3,我服既成,,,
177,14,2,3,于三十里,里,4,177-b
177,15,2,4,王于出征,,,
177,16,2,4,以佐天子,子,4,177-b
177,17,3,1,四牡修广,,,
177,18,3,1,其大有颙,顒,4,177-a
177,19,3,2,薄伐狁,,,
177,20,3,2,以奏肤公,公,4,177-a
177,21,3,3,有严有翼,翼,4,177-b
177,22,3,3,共武之服,服,4,177-b
177,23,3,4,共武之服,服,4,177-b
177,24,3,4,以定王国,國,4,177-b
177,25,4,1,狁匪茹,茹,4,177-a
177,26,4,1,整居焦获,穫,4,177-a
177,27,4,2,侵镐及方,方,4,177-b
177,28,4,2,至于泾阳,陽,4,177-b
177,29,4,3,织文鸟章,章,4,177-b
177,30,4,3,白旆央央,央央,3 4,177-b|177-b
177,31,4,4,元戎十乘,,,
177,32,4,4,以先启行,行,4,177-b
177,33,5,1,戎车既安,安,4,177-a
177,34,5,1,如轾如轩,軒,4,177-a
177,35,5,2,四牡既佶,,,
177,36,5,2,既佶且闲,閑,4,177-a
177,37,5,3,薄伐狁,,,
177,38,5,3,至于大原,原,4,177-a
177,39,5,4,文武吉甫,,,
177,40,5,4,万邦为宪,憲,4,177-a
177,41,6,1,吉甫燕喜,喜,4,177-a
177,42,6,1,既多受祉,祉,4,177-a
177,43,6,2,来归自镐,,,
177,44,6,2,我行永久,久,4,177-a
177,45,6,3,饮御诸友,友,4,177-a
177,46,6,3,炰鳖脍鲤,鯉,4,177-a
177,47,6,4,侯谁在矣,矣,4,177-a
177,48,6,4,张仲孝友,友,4,177-a
178,1,1,1,薄言采芑,芑,4,178-a
178,2,1,1,于彼新田,田,4,178-b
178,3,1,1,于此菑亩,畝,4,178-a
178,4,1,2,方叔莅止,涖止,3 4,178-c|178-a
178,5,1,2,其车三千,千,4,178-b
178,6,1,2,师干之试,試,4,178-a
178,7,1,3,方叔率止,率止,3 4,178-c|178-a
178,8,1,3,乘其四骐,騏,4,178-a
178,9,1,3,四骐翼翼,翼翼,3 4,178-d|178-d
178,10,1,4,路车有奭,奭,4,178-d
178,11,1,4,簟笰鱼服,服,4,178-d
178,12,1,4,钩膺鞗革,革,4,178-d
178,13,2,1,薄言采芑,芑,4,178-d
178,14,2,1,于彼新田,田,4,178-a
178,15,2,1,于此中乡,鄉,4,178-b
178,16,2,2,方叔莅止,涖止,3 4,178-c|178-d
178,17,2,2,其车三千,千,4,178-a
178,18,2,2,旗旐央央,央央,3 4,178-b|178-b
178,19,2,3,方叔率止,率止,3 4,178-c|178-d
178,20,2,3,约错衡,衡,4,178-b
178,21,2,3,八鸾玱玱,瑲瑲,3 4,178-b|178-b
178,22,2,4,服其命服,,,
178,23,2,4,朱芾斯皇,皇,4,178-b
178,24,2,4,有玱葱珩,珩,4,178-b
178,25,3,1,彼飞隼,,,
178,26,3,1,其飞戾天,天,4,178-a
178,27,3,1,亦集爰止,,,
178,28,3,2,方叔莅止,涖,3,178-b
178,29,3,2,其车三千,千,4,178-a
178,30,3,2,师干之试,,,
178,31,3,3,方叔率止,率,3,178-b
178,32,3,3,钲人伐鼓,鼓,4,178-c
178,33,3,3,陈师鞠旅,旅,4,178-c
178,34,3,4,显允方叔,,,
178,35,3,4,伐鼓渊渊,淵淵,3 4,178-d|178-d
178,36,3,4,振旅阗阗,闐闐,3 4,178-d|178-d
178,37,4,1,蠢尔蛮荆,,,
178,38,4,1,大邦为雠,讎,4,178-a
178,39,4,2,方叔元老,老,4,178-a
178,40,4,2,克壮其犹,猶,4,178-a
178,41,4,3,方叔率止,,,
178,42,4,3,执讯获丑,醜,4,178-a
178,43,4,4,戎车啴啴,,,
178,44,4,4,啴啴焞焞,焞,4,178-b
178,45,4,4,如霆如雷,雷,4,178-b
178,46,4,5,显允方叔,,,
178,47,4,5,征伐狁,,,
178,48,4,5,蛮荆来威,威,4,178-b
179,1,1,1,我车既攻,攻,4,179-a
179,2,1,1,我马既同,同,4,179-a
179,3,1,2,四牡庞庞,龐,4,179-a
179,4,1,2,驾言徂东,東,4,179-a
179,5,2,1,田车既好,好,4,179-a
179,6,2,1,四牡孔阜,阜,4,179-a
179,7,2,2,东有甫草,草,4,179-a
179,8,2,2,驾言行狩,狩,4,179-a
179,9,3,1,之子于苗,苗,4,179-a
179,10,3,1,选徒嚣嚣,囂,4,179-a
179,11,3,2,建旐设旄,旄,4,179-a
179,12,3,2,搏兽于敖,敖,4,179-a
179,13,4,1,驾彼四牡,,,
179,14,4,1,四牡奕奕,奕奕,3 4,179-a|179-a
179,15,4,2,赤芾金舄,舄,4,179-a
179,16,4,2,会同有绎,,,
179,17,5,1,决拾既佽,佽,4,179-a
179,18,5,1,弓矢既调,調,4,179-b
179,19,5,2,射夫既同,同,4,179-b
179,20,5,2,助我举柴,柴,4,179-a
179,21,6,1,四黄既驾,駕,4,179-a
179,22,6,1,两骖不猗,猗,4,179-a
179,23,6,2,不失其驰,馳,4,179-a
179,24,6,2,舍矢如破,破,4,179-a
179,25,7,1,萧萧马鸣,蕭蕭鳴,1 2 4,179-a|179-a|179-b
179,26,7,1,悠悠旆旌,悠悠旌,1 2 4,179-a|179-a|179-b
179,27,7,2,徒御不惊,驚,4,179-b
179,28,7,2,大庖不盈,盈,4,179-b
179,29,8,1,之子于征,征,4,179-a
179,30,8,1,有闻无声,聲,4,179-a
179,31,8,2,允矣君子,,,
179,32,8,2,展也大成,成,4,179-a
180,1,1,1,吉日维戊,戊,4,180-a
180,2,1,1,既伯既祷,禱,4,180-a
180,3,1,2,田车既好,好,4,180-a
180,4,1,2,四牡孔阜,阜,4,180-a
180,5,1,3,升彼大阜,阜,4,180-a
180,6,1,3,从其群丑,醜,4,180-a
180,7,2,1,吉日庚午,午,4,180-a
180,8,2,1,既差我马,馬,4,180-a
180,9,2,2,兽之所同,同,4,180-b
180,10,2,2,麀鹿麌麌,麌麌,3 4,180-a|180-a
180,11,2,3,漆沮子从,從,4,180-b
180,12,2,3,天子之所,所,4,180-a
180,13,3,1,瞻彼中原,,,
180,14,3,1,其祁孔有,有,4,180-a
180,15,3,2,儦儦俟俟,俟俟,3 4,180-a|180-a
180,16,3,2,或群或友,友,4,180-a
180,17,3,3,悉率左右,右,4,180-a
180,18,3,3,以燕天子,子,4,180-a
180,19,4,1,既张我弓,,,
180,20,4,1,既挟我矢,矢,4,180-a
180,21,4,2,发彼小豝,,,
180,22,4,2,殪此大兕,兕,4,180-a
180,23,4,3,以御宾客,,,
180,24,4,3,且以酌醴,醴,4,180-a
181,1,1,1,鸿雁于飞,,,
181,2,1,1,肃肃其羽,羽,4,181-a
181,3,1,2,之子于征,,,
181,4,1,2,劬劳于野,野,4,181-a
181,5,1,3,爰及矜人,,,
181,6,1,3,哀此鳏寡,寡,4,181-a
181,7,2,1,鸿雁于飞,,,
181,8,2,1,集于中泽,澤,4,181-a
181,9,2,2,之子于垣,,,
181,10,2,2,百堵皆作,作,4,181-a
181,11,2,3,虽则劬劳,,,
181,12,2,3,其究安宅,宅,4,181-a
181,13,3,1,鸿雁于飞,,,
181,14,3,1,哀鸣嗷嗷,嗷,4,181-a
181,15,3,2,维此哲人,,,
181,16,3,2,谓我劬劳,勞,4,181-a
181,17,3,3,维彼愚人,,,
181,18,3,3,谓我宣骄,驕,4,181-a
182,1,1,1,夜如何其,,,
182,2,1,1,夜未央,央,3,182-a
182,3,1,1,庭燎之光,光,4,182-a
182,4,1,2,君子至止,,,
182,5,1,2,鸾声将将,將將,3 4,182-a|182-a
182,6,2,1,夜如何其,,,
182,7,2,1,夜未艾,艾,3,182-a
182,8,2,1,庭燎晣晣,晣晣,3 4,182-a|182-a
182,9,2,2,君子至止,,,
182,10,2,2,鸾声哕哕,噦噦,3 4,182-a|182-a
182,11,3,1,夜如何其,,,
182,12,3,1,夜乡晨,晨,3,182-a
182,13,3,1,庭燎有,煇,4,182-a
182,14,3,2,君子至止,,,
182,15,3,2,言观其旗,旂,4,182-a
183,1,1,1,沔彼流水,水,4,183-a
183,2,1,1,朝宗于海,海,4,183-b
183,3,1,2,彼飞隼,隼,4,183-a
183,4,1,2,载飞载止,止,4,183-b
183,5,1,3,嗟我兄弟,弟,4,183-a
183,6,1,3,邦人诸友,友,4,183-b
183,7,1,3,莫肯念乱,,,
183,8,1,3,谁无父母,母,4,183-b
183,9,2,1,沔彼流水,水,4,183-a
183,10,2,1,其流汤汤,湯湯,3 4,183-b|183-b
183,11,2,2,彼飞隼,隼,4,183-a
183,12,2,2,载飞载扬,揚,4,183-b
183,13,2,3,念彼不迹,,,
183,14,2,3,载起载行,行,4,183-b
183,15,2,4,心之忧矣,,,
183,16,2,4,不可弭忘,忘,4,183-b
183,17,3,1,彼飞隼,,,
183,18,3,1,率彼中陵,陵,4,183-a
183,19,3,2,民之讹言,,,
183,20,3,2,宁莫之惩,懲,4,183-a
183,21,3,3,我友敬矣,,,
183,22,3,3,谗言其兴,興,4,183-a
184,1,1,1,鹤鸣于九皋,,,
184,2,1,1,声闻于野,野,4,184-a
184,3,1,2,鱼潜在渊,,,
184,4,1,2,或在于渚,渚,4,184-a
184,5,1,3,乐彼之园,園,4,184-b
184,6,1,3,爰有树檀,檀,4,184-b
184,7,1,3,其下维萚,蘀,4,184-c
184,8,1,4,它山之石,石,4,184-c
184,9,1,4,可以为错,錯,4,184-c
184,10,2,1,鹤鸣于九皋,,,
184,11,2,1,声闻于天,天,4,184-a
184,12,2,2,鱼在于渚,,,
184,13,2,2,或潜在渊,淵,4,184-a
184,14,2,3,乐彼之园,園,4,184-b
184,15,2,3,爰有树檀,檀,4,184-b
184,16,2,3,其下维谷,穀,4,184-c
184,17,2,4,它山之石,石,4,184-c
184,18,2,4,可以攻玉,玉,4,184-c
185,1,1,1,祈父,,,
185,2,1,1,予王之爪牙,牙,5,185-a
185,3,1,2,胡转予于恤,,,
185,4,1,2,靡所止居,居,4,185-a
185,5,2,1,祈父,,,
185,6,2,1,予王之爪士,士,5,185-a
185,7,2,2,胡转予于恤,,,
185,8,2,2,靡所底止,止,4,185-a
185,9,3,1,祈父,,,
185,10,3,1,亶不聪,聰,3,185-a
185,11,3,2,胡转予于恤,,,
185,12,3,2,有母之尸饔,饔,5,185-a
186,1,1,1,皎皎白驹,,,
186,2,1,1,食我场苗,苗,4,186-a
186,3,1,2,絷之维之,,,
186,4,1,2,以永今朝,朝,4,186-a
186,5,1,3,所谓伊人,,,
186,6,1,3,于焉逍遥,遙,4,186-a
186,7,2,1,皎皎白驹,,,
186,8,2,1,食我场藿,藿,4,186-a
186,9,2,2,絷之维之,,,
186,10,2,2,以永今夕,夕,4,186-a
186,11,2,3,所谓伊人,,,
186,12,2,3,于焉嘉客,客,4,186-a
186,13,3,1,皎皎白驹,,,
186,14,3,1,贲然来思,思,4,186-a
186,15,3,2,尔公尔侯,,,
186,16,3,2,逸豫无期,期,4,186-a
186,17,3,3,慎尔优游,,,
186,18,3,3,勉尔遁思,思,4,186-a
186,19,4,1,皎皎白驹,,,
186,20,4,1,在彼空谷,谷,4,186-a
186,21,4,2,生刍一束,束,4,186-a
186,22,4,2,其人如玉,玉,4,186-a
186,23,4,3,毋金玉尔音,音,5,186-b
186,24,4,3,而有遐心,心,4,186-b
187,1,1,1,黄鸟黄鸟,,,
187,2,1,2,无集于谷,穀,4,187-a
187,3,1,3,无啄无粟,粟,4,187-a
187,4,1,4,此邦之人,,,
187,5,1,5,不我肯谷,穀,4,187-a
187,6,1,6,言旋言归,,,
187,7,1,7,复我邦族,族,4,187-a
187,8,2,1,黄鸟黄鸟,,,
187,9,2,2,无集于桑,桑,4,187-a
187,10,2,3,无啄我粱,粱,4,187-a
187,11,2,4,此邦之人,,,
187,12,2,5,不可与明,明,4,187-a
187,13,2,6,言旋言归,,,
187,14,2,7,复我诸兄,兄,4,187-a
187,15,3,1,黄鸟黄鸟,,,
187,16,3,2,无集于栩,栩,4,187-a
187,17,3,3,无啄我黍,黍,4,187-a
187,18,3,4,此邦之人,,,
187,19,3,5,不可与处,處,4,187-a
187,20,3,6,言旋言归,,,
187,21,3,7,复我诸父,父,4,187-a
188,1,1,1,我行其野,,,
188,2,1,1,蔽芾其樗,樗,4,188-a
188,3,1,2,婚姻之故,,,
188,4,1,2,言就尔居,居,4,188-a
188,5,1,3,尔不我畜,,,
188,6,1,3,复我邦家,家,4,188-a
188,7,2,1,我行其野,,,
188,8,2,1,言采其蓫,蓫,4,188-a
188,9,2,2,婚姻之故,,,
188,10,2,2,言就尔宿,宿,4,188-a
188,11,2,3,尔不我畜,畜,4,188-a
188,12,2,3,言归思复,復,4,188-a
188,13,3,1,我行其野,,,
188,14,3,1,言采其葍,葍,4,188-a
188,15,3,2,不思旧姻,,,
188,16,3,2,求尔新特,特,4,188-a
188,17,3,3,成不以富,富,4,188-a
188,18,3,3,亦祇以异,異,4,188-a
189,1,1,1,秩秩斯干,干,4,189-a
189,2,1,1,幽幽南山,山,4,189-a
189,3,1,2,如竹苞矣,苞,3,189-b
189,4,1,2,如松茂矣,茂,3,189-b
189,5,1,3,兄及弟矣,,,
189,6,1,3,式相好矣,好,3,189-b
189,7,1,3,无相犹矣,猶,3,189-b
189,8,2,1,似续妣祖,祖,4,189-a
189,9,2,1,筑室百堵,堵,4,189-a
189,10,2,1,西南其户,戶,4,189-a
189,11,2,2,爰居爰处,處,4,189-a
189,12,2,2,爰笑爰语,語,4,189-a
189,13,3,1,约之阁阁,閣閣,3 4,189-a|189-a
189,14,3,1,椓之橐橐,橐橐,3 4,189-a|189-a
189,15,3,2,风雨攸除,除,4,189-b
189,16,3,2,鸟鼠攸去,去,4,189-b
189,17,3,2,君子攸芋,芋,4,189-b
189,18,4,1,如跂斯翼,翼,4,189-a
189,19,4,1,如矢斯棘,棘,4,189-a
189,20,4,1,如鸟斯革,革,4,189-a
189,21,4,2,如翚斯飞,飛,4,189-b
189,22,4,2,君子攸跻,躋,4,189-b
189,23,5,1,殖殖其庭,庭,4,189-a
189,24,5,1,有觉其楹,楹,4,189-a
189,25,5,1,哙哙其正,正,4,189-a
189,26,5,1,哕哕其冥,冥,4,189-a
189,27,5,1,君子攸宁,寧,4,189-a
189,28,6,1,下莞上簟,簟,4,189-a
189,29,6,1,乃安斯寝,寢,4,189-a
189,30,6,2,乃寝乃兴,興,4,189-b
189,31,6,2,乃占我梦,夢,4,189-b
189,32,6,3,吉梦维何,何,4,189-c
189,33,6,3,维熊维罴,羆,4,189-c
189,34,6,3,维虺维蛇,蛇,4,189-c
189,35,7,1,大人占之,,,
189,36,7,2,维熊维罴,羆,4,189-a
189,37,7,2,男子之祥,祥,4,189-b
189,38,7,3,维虺维蛇,蛇,4,189-a
189,39,7,3,女子之祥,祥,4,189-b
189,40,8,1,乃生男子,,,
189,41,8,1,载寝之床,床,4,189-a
189,42,8,1,载衣之裳,裳,4,189-a
189,43,8,1,载弄之璋,璋,4,189-a
189,44,8,2,其泣喤喤,喤喤,3 4,189-a|189-a
189,45,8,2,朱芾斯皇,皇,4,189-a
189,46,8,2,室家君王,王,4,189-a
189,47,9,1,乃生女子,,,
189,48,9,1,载寝之地,地,4,189-a
189,49,9,1,载衣之裼,裼,4,189-a
189,50,9,1,载弄之瓦,瓦,4,189-b
189,51,9,2,无非无仪,儀,4,189-b
189,52,9,2,唯酒食是议,議,5,189-b
189,53,9,2,无父母诒罹,罹,5,189-b
190,1,1,1,谁谓尔无羊,,,
190,2,1,1,三百维群,群,4,190-a
190,3,1,2,谁谓尔无牛,,,
190,4,1,2,九十其犉,犉,4,190-a
190,5,1,3,尔羊来思,,,
190,6,1,3,其角濈濈,濈,4,190-b
190,7,1,4,尔牛来思,,,
190,8,1,4,其耳湿湿,濕,4,190-b
190,9,2,1,或降于阿,阿,4,190-a
190,10,2,1,或饮于池,池,4,190-a
190,11,2,1,或寝于讹,訛,4,190-a
190,12,2,2,尔牧来思,,,
190,13,2,2,何蓑何笠,,,
190,14,2,2,或负其糇,餱,4,190-b
190,15,2,3,三十维物,,,
190,16,2,3,尔牲则具,具,4,190-b
190,17,3,1,尔牧来思,,,
190,18,3,1,以薪以蒸,蒸,4,190-a
190,19,3,1,以雌以雄,雄,4,190-a
190,20,3,2,尔羊来思,,,
190,21,3,2,矜矜兢兢,兢兢,3 4,190-a|190-a
190,22,3,2,不骞不崩,崩,4,190-a
190,23,3,3,麾之以肱,肱,4,190-a
190,24,3,3,毕来既升,升,4,190-a
190,25,4,1,牧人乃梦,,,
190,26,4,1,众维鱼矣,魚,3,190-a
190,27,4,1,旐维旟矣,旟,3,190-a
190,28,4,2,大人占之,,,
190,29,4,2,众维鱼矣,魚,3,190-a
190,30,4,2,实维丰年,年,4,190-b
190,31,4,3,旐维旟矣,旟,3,190-a
190,32,4,3,室家溱溱,溱溱,3 4,190-b|190-b
191,1,1,1,节彼南山,,,
191,2,1,1,维石岩岩,巖,4,191-a
191,3,1,2,赫赫师尹,,,
191,4,1,2,民具尔瞻,瞻,4,191-a
191,5,1,3,忧心如惔,惔,4,191-a
191,6,1,3,不敢戏谈,談,4,191-a
191,7,1,4,国既卒斩,斬,4,191-a
191,8,1,4,何用不监,監,4,191-a
191,9,2,1,节彼南山,,,
191,10,2,1,有实其猗,猗,4,191-a
191,11,2,2,赫赫师尹,,,
191,12,2,2,不平谓何,何,4,191-a
191,13,2,3,天方荐瘥,瘥,4,191-a
191,14,2,3,丧乱弘多,多,4,191-a
191,15,2,4,民言无嘉,嘉,4,191-a
191,16,2,4,憯莫惩嗟,嗟,4,191-a
191,17,3,1,尹氏大师,師,4,191-a
191,18,3,1,维周之氐,氐,4,191-a
191,19,3,2,秉国之均,均,4,191-b
191,20,3,2,四方是维,維,4,191-a
191,21,3,3,天子是毗,毗,4,191-a
191,22,3,3,俾民不迷,迷,4,191-a
191,23,3,4,不吊昊天,天,4,191-b
191,24,3,4,不宜空我师,師,5,191-a
191,25,4,1,弗躬弗亲,親,4,191-a
191,26,4,1,庶民弗信,信,4,191-a
191,27,4,2,弗问弗仕,仕,4,191-b
191,28,4,2,勿罔君子,子,4,191-b
191,29,4,3,式夷式已,已,4,191-b
191,30,4,3,无小人殆,殆,4,191-b
191,31,4,4,琐琐姻亚,,,
191,32,4,4,则无膴仕,仕,4,191-b
191,33,5,1,昊天不佣,傭,4,191-a
191,34,5,1,降此鞠讻,訩,4,191-a
191,35,5,2,昊天不惠,惠,4,191-b
191,36,5,2,降此大戾,戾,4,191-b
191,37,5,3,君子如届,屆,4,191-b
191,38,5,3,俾民心阕,闋,4,191-b
191,39,5,4,君子如夷,夷,4,191-c
191,40,5,4,恶怒是违,違,4,191-c
191,41,6,1,不吊昊天,,,
191,42,6,1,乱靡有定,定,4,191-a
191,43,6,2,式月斯生,生,4,191-a
191,44,6,2,俾民不宁,寧,4,191-a
191,45,6,3,忧心如酲,酲,4,191-a
191,46,6,3,谁秉国成,成,4,191-a
191,47,6,4,不自为政,政,4,191-a
191,48,6,4,卒劳百姓,姓,4,191-a
191,49,7,1,驾彼四牡,,,
191,50,7,1,四牡项领,領,4,191-a
191,51,7,2,我瞻四方,,,
191,52,7,2,蹙蹙靡所骋,騁,5,191-a
191,53,8,1,方茂尔恶,惡,4,191-a
191,54,8,1,相尔矛矣,矛,3,191-b
191,55,8,2,既夷既怿,懌,4,191-a
191,56,8,2,如相酬矣,酬,3,191-b
191,57,9,1,昊天不平,平,4,191-a
191,58,9,1,我王不宁,寧,4,191-a
191,59,9,2,不惩其心,,,
191,60,9,2,覆怨其正,正,4,191-a
191,61,10,1,家父作诵,誦,4,191-a
191,62,10,1,以究王讻,訩,4,191-a
191,63,10,2,式讹尔心,,,
191,64,10,2,以畜万邦,邦,4,191-a
192,1,1,1,正月繁霜,霜,4,192-a
192,2,1,1,我心忧伤,傷,4,192-a
192,3,1,2,民之讹言,,,
192,4,1,2,亦孔之将,將,4,192-a
192,5,1,3,念我独兮,,,
192,6,1,3,忧心京京,京京,3 4,192-a|192-a
192,7,1,4,哀我小心,,,
192,8,1,4,癙忧以痒,痒,4,192-a
192,9,2,1,父母生我,,,
192,10,2,1,胡俾我愈,瘉,4,192-a
192,11,2,2,不自我先,,,
192,12,2,2,不自我后,後,4,192-a
192,13,2,3,好言自口,口,4,192-a
192,14,2,3,莠言自口,口,4,192-a
192,15,2,4,忧心愈愈,愈愈,3 4,192-a|192-a
192,16,2,4,是以有侮,侮,4,192-a
192,17,3,1,忧心惸惸,,,
192,18,3,1,念我无禄,祿,4,192-a
192,19,3,2,民之无辜,,,
192,20,3,2,并其臣仆,僕,4,192-a
192,21,3,3,哀我人斯,,,
192,22,3,3,于何从禄,祿,4,192-a
192,23,3,4,瞻乌爰止,,,
192,24,3,4,于谁之屋,屋,4,192-a
192,25,4,1,瞻彼中林,,,
192,26,4,1,侯薪猴蒸,蒸,4,192-a
192,27,4,2,民今方殆,,,
192,28,4,2,视天梦梦,夢,4,192-a
192,29,4,3,既克有定,,,
192,30,4,3,靡人弗胜,勝,4,192-a
192,31,4,4,有皇上帝,,,
192,32,4,4,伊谁云憎,憎,4,192-a
192,33,5,1,谓山盖卑,,,
192,34,5,1,为冈为陵,陵,4,192-a
192,35,5,2,民之讹言,,,
192,36,5,2,宁莫之惩,懲,4,192-a
192,37,5,3,召彼故老,,,
192,38,5,3,讯之占梦,夢,4,192-a
192,39,5,4,具曰予圣,,,
192,40,5,4,谁知乌之雌雄,雄,6,192-a
192,41,6,1,谓天盖高,,,
192,42,6,1,不敢不局,局,4,192-a
192,43,6,2,谓地盖厚,,,
192,44,6,2,不敢不蹐,蹐,4,192-a
192,45,6,3,维号斯言,,,
192,46,6,3,有伦有脊,脊,4,192-a
192,47,6,4,哀今之人,,,
192,48,6,4,胡为虺蜴,蜴,4,192-a
192,49,7,1,瞻彼阪田,,,
192,50,7,1,有菀其特,特,4,192-a
192,51,7,2,天之扤我,,,
192,52,7,2,如不我克,克,4,192-a
192,53,7,3,彼求我则,,,
192,54,7,3,如不我得,得,4,192-a
192,55,7,4,执我仇仇,,,
192,56,7,4,亦不我力,力,4,192-a
192,57,8,1,心之忧矣,,,
192,58,8,1,如或结之,結,3,192-a
192,59,8,2,今兹之正,,,
192,60,8,2,胡然厉矣,厲,3,192-a
192,61,8,3,燎之方扬,,,
192,62,8,3,宁或灭之,滅,3,192-a
192,63,8,4,赫赫周宗,,,
192,64,8,4,褒姒灭之,滅,3,192-a
192,65,9,1,终其永怀,,,
192,66,9,1,又窘阴雨,雨,4,192-a
192,67,9,2,其车既载,,,
192,68,9,2,乃弃尔辅,輔,4,192-a
192,69,9,3,载输尔载,,,
192,70,9,3,将伯助予,予,4,192-a
192,71,10,1,无弃尔辅,,,
192,72,10,1,员于尔辐,輻,4,192-a
192,73,10,2,屡顾尔仆,,,
192,74,10,2,不输尔载,載,4,192-a
192,75,10,3,终逾绝险,,,
192,76,10,3,曾是不意,意,4,192-a
192,77,11,1,鱼在于沼,沼,4,192-a
192,78,11,1,亦匪克乐,樂,4,192-a
192,79,11,2,潜虽伏矣,,,
192,80,11,2,亦孔之炤,炤,4,192-a
192,81,11,3,忧心惨惨,,,
192,82,11,3,念国之为虐,虐,5,192-a
192,83,12,1,彼有旨酒,酒,4,192-a
192,84,12,1,又有嘉殽,殽,4,192-a
192,85,12,2,洽比其邻,,,
192,86,12,2,昏姻孔云,云,4,192-b
192,87,12,3,念我独兮,,,
192,88,12,3,忧心慇慇,慇慇,3 4,192-b|192-b
192,89,13,1,佌佌彼有屋,屋,5,192-a
192,90,13,1,蔌蔌方有谷,穀,5,192-a
192,91,13,2,民今之无禄,祿,5,192-a
192,92,13,2,天夭是椓,椓,4,192-a
192,93,13,3,哿矣富人,,,
192,94,13,3,哀此惸独,獨,4,192-a
193,1,1,1,十月之交,,,
193,2,1,1,朔日辛卯,卯,4,193-a
193,3,1,2,日有食之,,,
193,4,1,2,亦孔之丑,醜,4,193-a
193,5,1,3,彼月而微,微,4,193-b
193,6,1,3,此日而微,微,4,193-b
193,7,1,4,今此下民,,,
193,8,1,4,亦孔之哀,哀,4,193-b
193,9,2,1,日月告凶,,,
193,10,2,1,不用其行,行,4,193-a
193,11,2,2,四国无政,,,
193,12,2,2,不用其良,良,4,193-a
193,13,2,3,彼月而食,,,
193,14,2,3,则维其常,常,4,193-a
193,15,2,4,此日而食,,,
193,16,2,4,于何不臧,臧,4,193-a
193,17,3,1,烨烨震电,電,4,193-a
193,18,3,1,不宁不令,令,4,193-a
193,19,3,2,百川沸腾,騰,4,193-b
193,20,3,2,山冢崒崩,崩,4,193-b
193,21,3,3,高岸为谷,,,
193,22,3,3,深谷为陵,陵,4,193-b
193,23,3,4,哀今之人,,,
193,24,3,4,胡憯莫惩,懲,4,193-b
193,25,4,1,皇父卿士,士,4,193-a
193,26,4,2,番维司徒,徒,4,193-b
193,27,4,3,家伯维宰,宰,4,193-a
193,28,4,4,仲允膳夫,夫,4,193-b
193,29,4,5,棸子内史,史,4,193-a
193,30,4,6,蹶维趣马,馬,4,193-c
193,31,4,7,楀维师氏,,,
193,32,4,8,艳妻煽方处,處,5,193-c
193,33,5,1,抑此皇父,,,
193,34,5,1,岂曰不时,時,4,193-a
193,35,5,2,胡为我作,,,
193,36,5,2,不即我谋,謀,4,193-a
193,37,5,3,彻我墙屋,,,
193,38,5,3,田卒污莱,萊,4,193-a
193,39,5,4,曰予不戕,,,
193,40,5,4,礼则然矣,矣,4,193-a
193,41,6,1,皇父孔圣,,,
193,42,6,1,作都于向,向,4,193-a
193,43,6,2,择三有事,,,
193,44,6,2,亶侯多藏,藏,4,193-a
193,45,6,3,不慭遗一老,,,
193,46,6,3,俾守我王,王,4,193-a
193,47,6,4,择有车马,,,
193,48,6,4,以居徂向,向,4,193-a
193,49,7,1,黾勉从事,,,
193,50,7,1,不敢告劳,勞,4,193-a
193,51,7,2,无罪无辜,,,
193,52,7,2,谗口嚣嚣,囂,4,193-a
193,53,7,3,下民之孽,,,
193,54,7,3,匪降自天,天,4,193-b
193,55,7,4,噂沓背憎,,,
193,56,7,4,职竞由人,人,4,193-b
193,57,8,1,悠悠我里,里,4,193-a
193,58,8,1,亦孔之痗,痗,4,193-a
193,59,8,2,四方有羡,,,
193,60,8,2,我独居忧,憂,4,193-b
193,61,8,3,民莫不逸,,,
193,62,8,3,我独不敢休,休,5,193-b
193,63,8,4,天命不彻,徹,4,193-c
193,64,8,4,我不敢效我友自逸,逸,8,193-c
194,1,1,1,浩浩昊天,,,
194,2,1,1,不骏其德,德,4,194-a
194,3,1,2,降丧饥馑,,,
194,4,1,2,斩伐四国,國,4,194-a
194,5,1,3,旻天疾威,威,4,194-b
194,6,1,3,弗卢弗图,圖,4,194-c
194,7,1,4,舍彼有罪,罪,4,194-b
194,8,1,4,既伏其辜,辜,4,194-c
194,9,1,5,若此无罪,罪,4,194-b
194,10,1,5,沦胥以铺,鋪,4,194-c
194,11,2,1,周宗既灭,滅,4,194-a
194,12,2,1,靡所止戾,戾,4,194-a
194,13,2,2,正大夫离居,,,
194,14,2,2,莫知我勚,勩,4,194-a
194,15,2,3,三事大夫,,,
194,16,2,3,莫肯夙夜,夜,4,194-b
194,17,2,4,邦君诸侯,,,
194,18,2,4,莫肯朝夕,夕,4,194-b
194,19,2,5,庶曰式臧,,,
194,20,2,5,覆出为恶,惡,4,194-b
194,21,3,1,如何昊天,天,4,194-a
194,22,3,2,辟言不信,信,4,194-a
194,23,3,3,如彼行迈,,,
194,24,3,3,则靡所臻,臻,4,194-a
194,25,3,4,凡百君子,,,
194,26,3,4,各敬尔身,身,4,194-a
194,27,3,5,胡不相畏,,,
194,28,3,5,不畏于天,天,4,194-a
194,29,4,1,戎成不退,退,4,194-a
194,30,4,1,饥成不遂,遂,4,194-a
194,31,4,2,曾我御,,,
194,32,4,2,憯憯日瘁,瘁,4,194-a
194,33,4,3,凡百君子,,,
194,34,4,3,莫肯用讯,訊,4,194-a
194,35,4,4,听言则荅,荅,4,194-a
194,36,4,4,谮言则退,退,4,194-a
194,37,5,1,哀哉不能言,,,
194,38,5,1,匪舌是出,出,4,194-a
194,39,5,1,维躬是瘁,瘁,4,194-a
194,40,5,2,哿矣能言,,,
194,41,5,2,巧言如流,流,4,194-b
194,42,5,2,俾躬处休,休,4,194-b
194,43,6,1,维曰于仕,仕,4,194-a
194,44,6,1,孔棘且殆,殆,4,194-a
194,45,6,2,云不可使,使,4,194-a
194,46,6,2,得罪于天子,子,5,194-a
194,47,6,3,亦云可使,使,4,194-a
194,48,6,3,怨及朋友,友,4,194-a
194,49,7,1,谓尔迁于王都,都,6,194-a
194,50,7,1,曰予未有室家,家,6,194-a
194,51,7,2,鼠思泣血,血,4,194-b
194,52,7,2,无言不疾,疾,4,194-b
194,53,7,3,昔尔出居,居,4,194-a
194,54,7,3,谁从作尔室,室,5,194-b
195,1,1,1,旻天疾威,,,
195,2,1,1,敷于下土,土,4,195-a
195,3,1,2,谋犹回遹,,,
195,4,1,2,何日斯沮,沮,4,195-a
195,5,1,3,谋臧不从,從,4,195-b
195,6,1,3,不臧覆用,用,4,195-b
195,7,1,4,我视谋犹,,,
195,8,1,4,亦孔之邛,邛,4,195-b
195,9,2,1,潝潝訿訿,,,
195,10,2,1,亦孔之哀,哀,4,195-a
195,11,2,2,谋之其臧,,,
195,12,2,2,则具是违,違,4,195-a
195,13,2,3,谋之不臧,,,
195,14,2,3,则具是依,依,4,195-a
195,15,2,4,我视谋犹,,,
195,16,2,4,伊于胡厎,厎,4,195-a
195,17,3,1,我龟既厌,,,
195,18,3,1,不我告犹,猶,4,195-a
195,19,3,2,谋夫孔多,,,
195,20,3,2,是用不集,集,4,195-a
195,21,3,3,发言盈庭,,,
195,22,3,3,谁敢执其咎,咎,5,195-a
195,23,3,4,如匪行迈谋,,,
195,24,3,4,是用不得于道,道,6,195-a
195,25,4,1,哀哉为犹,,,
195,26,4,1,匪先民是程,程,5,195-a
195,27,4,1,匪大犹是经,經,5,195-a
195,28,4,1,维迩言是听,聽,5,195-a
195,29,4,1,维迩言是争,爭,5,195-a
195,30,4,2,如彼筑室于道谋,,,
195,31,4,2,是用不溃于成,成,6,195-a
195,32,5,1,国虽靡止,止,4,195-a
195,33,5,1,或圣或否,否,4,195-a
195,34,5,2,民虽靡膴,膴,4,195-a
195,35,5,2,或哲或谋,謀,4,195-a
195,36,5,2,或肃或艾,艾,4,195-b
195,37,5,3,如彼泉流,,,
195,38,5,3,无沦胥以败,敗,5,195-b
195,39,6,1,不敢暴虎,,,
195,40,6,1,不敢冯河,河,4,195-a
195,41,6,2,人知其一,,,
195,42,6,2,莫知其他,他,4,195-a
195,43,6,3,战战兢兢,兢兢,3 4,195-b|195-b
195,44,6,3,如临深渊,,,
195,45,6,3,如履薄冰,冰,4,195-b
196,1,1,1,宛彼鸣鸠,,,
196,2,1,1,翰飞戾天,天,4,196-a
196,3,1,2,我心忧伤,,,
196,4,1,2,念昔先人,人,4,196-a
196,5,1,3,明发不寐,,,
196,6,1,3,有怀二人,人,4,196-a
196,7,2,1,人之齐圣,,,
196,8,2,1,饮酒温克,克,4,196-a
196,9,2,2,彼昏不知,,,
196,10,2,2,壹醉日富,富,4,196-a
196,11,2,3,各敬尔仪,,,
196,12,2,3,天命不又,又,4,196-a
196,13,3,1,中原有菽,,,
196,14,3,1,庶民采之,之,4,196-a
196,15,3,2,螟蛉有子,,,
196,16,3,2,蜾蠃负之,之,4,196-a
196,17,3,3,教诲尔子,,,
196,18,3,3,式谷似之,之,4,196-a
196,19,4,1,题彼脊令,令,4,196-a
196,20,4,1,载飞载鸣,鳴,4,196-a
196,21,4,2,我日斯迈,,,
196,22,4,2,而月斯征,征,4,196-a
196,23,4,3,夙兴夜寐,,,
196,24,4,3,无忝尔所生,生,5,196-a
196,25,5,1,交交桑扈,扈,4,196-a
196,26,5,1,率场啄粟,粟,4,196-b
196,27,5,2,哀我填寡,寡,4,196-a
196,28,5,2,宜岸宜狱,獄,4,196-b
196,29,5,3,握粟出卜,卜,4,196-b
196,30,5,3,自何能谷,穀,4,196-b
196,31,6,1,温温恭人,,,
196,32,6,1,如集于木,木,4,196-a
196,33,6,2,惴惴小心,,,
196,34,6,2,如临于谷,谷,4,196-a
196,35,6,3,战战兢兢,兢兢,3 4,196-b|196-b
196,36,6,3,如履薄冰,冰,4,196-b
197,1,1,1,弁彼鸒斯,斯,4,197-a
197,2,1,1,归飞提提,提,4,197-a
197,3,1,2,民莫不谷,,,
197,4,1,2,我独于罹,罹,4,197-b
197,5,1,3,何辜于天,,,
197,6,1,3,我罪伊何,何,4,197-b
197,7,1,4,心之忧矣,,,
197,8,1,4,云如之何,何,4,197-b
197,9,2,1,踧踧周道,道,4,197-a
197,10,2,1,鞫为茂草,草,4,197-a
197,11,2,2,我心忧伤,,,
197,12,2,2,惄焉如捣,擣,4,197-a
197,13,2,3,假寐永叹,,,
197,14,2,3,维忧用老,老,4,197-a
197,15,2,4,心之忧矣,,,
197,16,2,4,疢如疾首,首,4,197-a
197,17,3,1,维桑与梓,梓,4,197-a
197,18,3,1,必恭敬止,止,4,197-a
197,19,3,2,靡瞻匪父,,,
197,20,3,2,靡依匪母,母,4,197-a
197,21,3,3,不属于毛,,,
197,22,3,3,不离于里,裏,4,197-a
197,23,3,4,天之生我,,,
197,24,3,4,我辰安在,在,4,197-a
197,25,4,1,菀彼柳斯,,,
197,26,4,1,鸣蜩嘒嘒,嘒,4,197-a
197,27,4,2,有凗者渊,,,
197,28,4,2,萑苇淠淠,淠,4,197-a
197,29,4,3,譬彼舟流,,,
197,30,4,3,不知所届,屆,4,197-a
197,31,4,4,心之忧矣,,,
197,32,4,4,不遑假寐,寐,4,197-a
197,33,5,1,鹿斯之奔,,,
197,34,5,1,维足伎伎,伎伎,3 4,197-a|197-a
197,35,5,2,雉之朝雊,,,
197,36,5,2,尚求其雌,雌,4,197-a
197,37,5,3,譬彼坏木,,,
197,38,5,3,疾用无枝,枝,4,197-a
197,39,5,4,心之忧矣,,,
197,40,5,4,宁莫之知,知,4,197-a
197,41,6,1,相彼投兔,,,
197,42,6,1,尚或先之,先,3,197-a
197,43,6,2,行有死人,,,
197,44,6,2,尚或墐之,墐,3,197-a
197,45,6,3,君子秉心,,,
197,46,6,3,维其忍之,忍,3,197-a
197,47,6,4,心之忧矣,,,
197,48,6,4,涕既陨之,隕,3,197-a
197,49,7,1,君子信谗,,,
197,50,7,1,如或酬之,酬,3,197-a
197,51,7,2,君子不惠,,,
197,52,7,2,不舒究之,究,3,197-a
197,53,7,3,伐木掎矣,掎,3,197-b
197,54,7,3,析薪杝矣,杝,3,197-b
197,55,7,4,舍彼有罪,,,
197,56,7,4,予之佗矣,佗,3,197-b
197,57,8,1,莫高匪山,山,4,197-a
197,58,8,1,莫浚匪泉,泉,4,197-a
197,59,8,2,君子无易由言,言,6,197-a
197,60,8,2,耳属于垣,垣,4,197-a
197,61,8,3,无逝我梁,,,
197,62,8,3,无发我笱,笱,4,197-b
197,63,8,4,我躬不阅,,,
197,64,8,4,遑恤我后,後,4,197-b
198,1,1,1,悠悠昊天,,,
198,2,1,1,曰父母且,且,4,198-a
198,3,1,2,无罪无辜,辜,4,198-a
198,4,1,2,乱如此幠,幠,4,198-a
198,5,1,3,昊天已威,威,4,198-b
198,6,1,3,予慎无罪,罪,4,198-b
198,7,1,4,昊天泰幠,幠,4,198-c
198,8,1,4,予慎无辜,辜,4,198-c
198,9,2,1,乱之初生,,,
198,10,2,1,僭始既涵,涵,4,198-a
198,11,2,2,乱之又生,,,
198,12,2,2,君子信谗,讒,4,198-a
198,13,2,3,君子如怒,怒,4,198-b
198,14,2,3,乱庶遄沮,沮,4,198-b
198,15,2,4,君子如祉,祉,4,198-c
198,16,2,4,乱庶遄已,已,4,198-c
198,17,3,1,君子屡盟,盟,4,198-a
198,18,3,1,乱是用长,長,4,198-a
198,19,3,2,君子信盗,盜,4,198-b
198,20,3,2,乱是用暴,暴,4,198-b
198,21,3,3,盗言孔甘,甘,4,198-c
198,22,3,3,乱是用餤,餤,4,198-c
198,23,3,4,匪其止共,共,4,198-d
198,24,3,4,维王之邛,邛,4,198-d
198,25,4,1,奕奕寝庙,,,
198,26,4,1,君子作之,作,3,198-a
198,27,4,2,秩秩大猷,,,
198,28,4,2,圣人莫之,莫,3,198-a
198,29,4,3,他人有心,,,
198,30,4,3,予忖度之,度,3,198-a
198,31,4,4,跃跃毚兔,,,
198,32,4,4,遇犬获之,獲,3,198-a
198,33,5,1,荏染柔木,,,
198,34,5,1,君子树之,樹,3,198-a
198,35,5,2,往来行言,,,
198,36,5,2,心焉数之,數,3,198-a
198,37,5,3,蛇蛇硕言,,,
198,38,5,3,出自口矣,口,3,198-a
198,39,5,4,巧言如簧,,,
198,40,5,4,颜之厚矣,厚,3,198-a
198,41,6,1,彼何人斯,,,
198,42,6,1,居河之麋,麋,4,198-a
198,43,6,2,无拳无勇,勇,4,198-b
198,44,6,2,职为乱阶,階,4,198-a
198,45,6,3,既微且尰,尰,4,198-b
198,46,6,3,尔勇伊何,何,4,198-c
198,47,6,4,为犹将多,多,4,198-c
198,48,6,4,尔居徒几何,何,5,198-c
199,1,1,1,彼何人斯,,,
199,2,1,1,其心孔艰,艱,4,199-a
199,3,1,2,胡逝我梁,,,
199,4,1,2,不入我门,門,4,199-a
199,5,1,3,伊谁云从,,,
199,6,1,3,维暴之云,云,4,199-a
199,7,2,1,二人从行,行,4,199-a
199,8,2,1,谁为此祸,禍,4,199-b
199,9,2,2,胡逝我梁,梁,4,199-a
199,10,2,2,不入唁我,我,4,199-b
199,11,2,3,始者不如今,,,
199,12,2,3,云不我可,可,4,199-b
199,13,3,1,彼何人斯,,,
199,14,3,1,胡逝我陈,陳,4,199-a
199,15,3,2,我闻其声,,,
199,16,3,2,不见其身,身,4,199-a
199,17,3,3,不愧于人,人,4,199-a
199,18,3,3,不畏于天,天,4,199-a
199,19,4,1,彼何人斯,,,
199,20,4,1,其为飘风,風,4,199-a
199,21,4,2,胡不自北,,,
199,22,4,2,胡不自南,南,4,199-a
199,23,4,3,胡逝我梁,,,
199,24,4,3,祇搅我心,心,4,199-a
199,25,5,1,尔之安行,,,
199,26,5,1,亦不遑舍,舍,4,199-a
199,27,5,2,尔之亟行,,,
199,28,5,2,遑脂尔车,車,4,199-a
199,29,5,3,壹者之来,,,
199,30,5,3,云何其盱,盱,4,199-a
199,31,6,1,尔还而入,,,
199,32,6,1,我心易也,易,3,199-a
199,33,6,2,还而不入,,,
199,34,6,2,否难知也,知,3,199-a
199,35,6,3,壹者之来,,,
199,36,6,3,俾我祇也,祇,3,199-a
199,37,7,1,伯氏吹埙,壎,4,199-a
199,38,7,1,仲氏吹篪,篪,4,199-b
199,39,7,2,及尔如贯,貫,4,199-a
199,40,7,2,谅不我知,知,4,199-b
199,41,7,3,出此三物,,,
199,42,7,3,以诅尔斯,斯,4,199-b
199,43,8,1,为鬼为蜮,蜮,4,199-a
199,44,8,1,则不可得,得,4,199-a
199,45,8,2,有腼面目,,,
199,46,8,2,视人罔极,極,4,199-a
199,47,8,3,作此好歌,,,
199,48,8,3,以极反侧,側,4,199-a
200,1,1,1,萋兮斐兮,萋斐,1 3,200-a|200-a
200,2,1,1,成是贝锦,錦,4,200-b
200,3,1,2,彼谮人者,,,
200,4,1,2,亦已大甚,甚,4,200-b
200,5,2,1,哆兮侈兮,哆侈,1 3,200-a|200-a
200,6,2,1,成是南箕,箕,4,200-b
200,7,2,2,彼谮人者,,,
200,8,2,2,谁适与谋,謀,4,200-b
200,9,3,1,缉缉翩翩,翩,4,200-a
200,10,3,1,谋欲谮人,人,4,200-b
200,11,3,2,慎尔言也,,,
200,12,3,2,谓尔不信,信,4,200-b
200,13,4,1,捷捷幡幡,幡,4,200-a
200,14,4,1,谋欲谮言,言,4,200-a
200,15,4,2,岂不尔受,,,
200,16,4,2,既其女迁,遷,4,200-a
200,17,5,1,骄人好好,好好,3 4,200-a|200-a
200,18,5,1,劳人草草,草草,3 4,200-a|200-a
200,19,5,2,苍天苍天,天,4,200-b
200,20,5,2,视彼骄人,人,4,200-b
200,21,5,2,矜此劳人,人,4,200-b
200,22,6,1,彼谮人者,,,
200,23,6,1,谁适与谋,,,
200,24,6,2,取彼谮人,,,
200,25,6,2,投畀豺虎,,,
200,26,6,3,豺虎不食,食,4,200-a
200,27,6,3,投畀有北,北,4,200-a
200,28,6,4,有北不受,受,4,200-b
200,29,6,4,投畀有昊,昊,4,200-b
200,30,7,1,杨园之道,,,
200,31,7,1,猗于亩丘,丘,4,200-a
200,32,7,2,寺人孟子,,,
200,33,7,2,作为此诗,詩,4,200-a
200,34,7,3,凡百君子,,,
200,35,7,3,敬而听之,之,4,200-a
201,1,1,1,习习谷风,,,
201,2,1,1,维风及雨,雨,4,201-a
201,3,1,2,将恐将惧,,,
201,4,1,2,维予与女,女,4,201-a
201,5,1,3,将安将乐,,,
201,6,1,3,女转弃予,予,4,201-a
201,7,2,1,习习谷风,,,
201,8,2,1,维风及颓,頹,4,201-a
201,9,2,2,将恐将惧,,,
201,10,2,2,寘予于怀,懷,4,201-a
201,11,2,3,将安将乐,,,
201,12,2,3,弃予如遗,遺,4,201-a
201,13,3,1,习习谷风,,,
201,14,3,1,维山崔嵬,崔嵬,3 4,201-a|201-a
201,15,3,2,无草不死,,,
201,16,3,2,无木不萎,萎,4,201-a
201,17,3,3,忘我大德,,,
201,18,3,3,思我小怨,怨,4,201-a
202,1,1,1,蓼蓼者莪,,,
202,2,1,1,匪莪伊蒿,蒿,4,202-a
202,3,1,2,哀哀父母,,,
202,4,1,2,生我劬劳,勞,4,202-a
202,5,2,1,蓼蓼者莪,,,
202,6,2,1,匪莪伊蔚,蔚,4,202-a
202,7,2,2,哀哀父母,,,
202,8,2,2,生我劳瘁,瘁,4,202-a
202,9,3,1,缾之罊矣,,,
202,10,3,1,维罍之耻,恥,4,202-a
202,11,3,2,鲜民之生,,,
202,12,3,2,不如死之久矣,久,5,202-a
202,13,3,3,无父何怙,,,
202,14,3,3,无母何恃,恃,4,202-a
202,15,3,4,出则衔恤,恤,4,202-b
202,16,3,4,入则靡至,至,4,202-b
202,17,4,1,父兮生我,,,
202,18,4,1,母兮鞠我,鞠,3,202-a
202,19,4,2,拊我畜我,畜,3,202-a
202,20,4,2,长我育我,育,3,202-a
202,21,4,3,顾我复我,復,3,202-a
202,22,4,3,出入腹我,腹,3,202-a
202,23,4,4,欲报之德,德,4,202-b
202,24,4,4,昊天罔极,極,4,202-b
202,25,5,1,南山烈烈,烈烈,3 4,202-a|202-a
202,26,5,1,飘风发发,發發,3 4,202-a|202-a
202,27,5,2,民莫不谷,,,
202,28,5,2,我独何害,害,4,202-a
202,29,6,1,南山律律,律律,3 4,202-a|202-a
202,30,6,1,飘风弗弗,弗弗,3 4,202-a|202-a
202,31,6,2,民莫不谷,,,
202,32,6,2,我独不卒,卒,4,202-a
203,1,1,1,有饛簋飧,,,
203,2,1,1,有救棘匕,匕,4,203-a
203,3,1,2,周道如砥,砥,4,203-a
203,4,1,2,其直如矢,矢,4,203-a
203,5,1,3,君子所履,履,4,203-a
203,6,1,3,小人所视,視,4,203-a
203,7,1,4,眷言顾之,,,
203,8,1,4,潸焉出涕,涕,4,203-a
203,9,2,1,小东大东,東,4,203-a
203,10,2,1,杼柚其空,空,4,203-a
203,11,2,2,纠纠葛屦,,,
203,12,2,2,可以履霜,霜,4,203-b
203,13,2,3,佻佻公子,,,
203,14,2,3,行彼周行,行,4,203-b
203,15,2,4,既往既来,來,4,203-c
203,16,2,4,使我心疚,疚,4,203-c
203,17,3,1,有冽氿泉,泉,4,203-a
203,18,3,1,无浸获薪,薪,4,203-b
203,19,3,2,契契寤叹,歎,4,203-a
203,20,3,2,哀我惮人,人,4,203-b
203,21,3,3,薪是获薪,薪,4,203-b
203,22,3,3,尚可载也,載,3,203-c
203,23,3,4,哀我惮人,人,4,203-b
203,24,3,4,亦可息也,息,3,203-c
203,25,4,1,东人之子,,,
203,26,4,1,职劳不来,來,4,203-a
203,27,4,2,西人之子,,,
203,28,4,2,粲粲衣服,服,4,203-a
203,29,4,3,舟人之子,,,
203,30,4,3,熊罴是裘,裘,4,203-a
203,31,4,4,私人之子,,,
203,32,4,4,百僚是试,試,4,203-a
203,33,5,1,或以其酒,,,
203,34,5,1,不以其浆,漿,4,203-a
203,35,5,2,鞙鞙佩璲,,,
203,36,5,2,不以其长,長,4,203-a
203,37,5,3,维天有汉,,,
203,38,5,3,监亦有光,光,4,203-a
203,39,5,4,跂彼织女,,,
203,40,5,4,终日七襄,襄,4,203-a
203,41,6,1,虽则七襄,襄,4,203-a
203,42,6,1,不成报章,章,4,203-a
203,43,6,2,睆彼牵牛,,,
203,44,6,2,不以服箱,箱,4,203-a
203,45,6,3,东有启明,明,4,203-a
203,46,6,3,西有长庚,庚,4,203-a
203,47,6,4,有救天毕,,,
203,48,6,4,载施之行,行,4,203-a
203,49,7,1,维南有箕,,,
203,50,7,1,不可以簸扬,揚,5,203-a
203,51,7,2,维北有斗,,,
203,52,7,2,不可以挹酒浆,漿,6,203-a
203,53,7,3,维南有箕,,,
203,54,7,3,载翕其舌,舌,4,203-b
203,55,7,4,维北有斗,,,
203,56,7,4,西柄之揭,揭,4,203-b
204,1,1,1,四月维夏,夏,4,204-a
204,2,1,1,六月徂暑,暑,4,204-a
204,3,1,2,先祖匪人,,,
204,4,1,2,胡宁忍予,予,4,204-a
204,5,2,1,秋日凄凄,淒,4,204-a
204,6,2,1,百卉具腓,腓,4,204-a
204,7,2,2,乱离瘼矣,,,
204,8,2,2,爰其适归,歸,4,204-a
204,9,3,1,冬日烈烈,烈烈,3 4,204-a|204-a
204,10,3,1,飘风发发,發發,3 4,204-a|204-a
204,11,3,2,民莫不谷,,,
204,12,3,2,我独何害,害,4,204-a
204,13,4,1,山有嘉卉,,,
204,14,4,1,侯栗侯梅,梅,4,204-a
204,15,4,2,废为残贼,,,
204,16,4,2,莫知其尤,尤,4,204-a
204,17,5,1,相彼泉水,,,
204,18,5,1,载清载浊,濁,4,204-a
204,19,5,2,我曰构祸,,,
204,20,5,2,曷云能谷,穀,4,204-a
204,21,6,1,滔滔江汉,漢,4,204-a
204,22,6,1,南国之纪,紀,4,204-a
204,23,6,2,尽瘁以仕,,,
204,24,6,2,宁莫我有,有,4,204-a
204,25,7,1,匪鷻匪鸢,鳶,4,204-a
204,26,7,1,翰飞戾天,天,4,204-a
204,27,7,2,匪鳣匪鲔,,,
204,28,7,2,潜逃于渊,淵,4,204-a
204,29,8,1,山有蕨薇,蕨薇,3 4,204-a|204-a
204,30,8,1,隰有杞桋,桋,4,204-a
204,31,8,2,君子作歌,,,
204,32,8,2,维以告哀,哀,4,204-a
205,1,1,1,涉彼北山,,,
205,2,1,1,言采其杞,杞,4,205-a
205,3,1,2,偕偕士子,子,4,205-a
205,4,1,2,朝夕从事,事,4,205-a
205,5,1,3,王事靡盬,,,
205,6,1,3,忧我父母,母,4,205-a
205,7,2,1,溥天之下,下,4,205-a
205,8,2,1,莫非王土,土,4,205-a
205,9,2,2,率土之滨,濱,4,205-b
205,10,2,2,莫非王臣,臣,4,205-b
205,11,2,3,大夫不均,均,4,205-b
205,12,2,3,我从事独贤,賢,5,205-b
205,13,3,1,四牡彭彭,彭彭,3 4,205-a|205-a
205,14,3,1,王事傍傍,傍傍,3 4,205-a|205-a
205,15,3,2,嘉我未老,,,
205,16,3,2,鲜我方将,將,4,205-a
205,17,3,3,旅力方刚,剛,4,205-a
205,18,3,3,经营四方,方,4,205-a
205,19,4,1,或燕燕居息,息,5,205-a
205,20,4,1,或尽瘁事国,國,5,205-a
205,21,4,2,或息偃在床,床,5,205-b
205,22,4,2,或不已于行,行,5,205-b
205,23,5,1,或不知叫号,號,5,205-a
205,24,5,1,或惨惨劬劳,勞,5,205-a
205,25,5,2,或栖迟偃仰,仰,5,205-b
205,26,5,2,或王事鞅掌,掌,5,205-b
205,27,6,1,或湛乐饮酒,酒,5,205-a
205,28,6,1,或惨惨畏咎,咎,5,205-a
205,29,6,2,或出入风议,議,5,205-b
205,30,6,2,或靡事不为,為,5,205-b
206,1,1,1,无将大车,,,
206,2,1,1,祇自尘兮,塵,3,206-a
206,3,1,2,无思百忧,,,
206,4,1,2,祇自疧兮,疧,3,206-a
206,5,2,1,无将大车,,,
206,6,2,1,维尘冥冥,冥冥,3 4,206-a|206-a
206,7,2,2,无思百忧,,,
206,8,2,2,不出于颎,熲,4,206-a
206,9,3,1,无将大车,,,
206,10,3,1,维尘雝兮,雝,3,206-a
206,11,3,2,无思百忧,,,
206,12,3,2,祇自重兮,重,3,206-a
207,1,1,1,明明上天,,,
207,2,1,1,照临下土,土,4,207-a
207,3,1,2,我征徂西,,,
207,4,1,2,至于艽野,野,4,207-a
207,5,1,3,二月初吉,,,
207,6,1,3,载离寒暑,暑,4,207-a
207,7,1,4,心之忧矣,,,
207,8,1,4,其毒大苦,苦,4,207-a
207,9,1,5,念彼共人,,,
207,10,1,5,涕零如雨,雨,4,207-a
207,11,1,6,岂不怀归,,,
207,12,1,6,畏此罪罟,罟,4,207-a
207,13,2,1,昔我往矣,,,
207,14,2,1,日月方除,除,4,207-a
207,15,2,2,曷云其还,,,
207,16,2,2,岁聿云莫,莫,4,207-a
207,17,2,3,念我独兮,,,
207,18,2,3,我事孔庶,庶,4,207-a
207,19,2,4,心之忧矣,,,
207,20,2,4,惮我不暇,暇,4,207-a
207,21,2,5,念彼共人,,,
207,22,2,5,眷眷怀顾,顧,4,207-a
207,23,2,6,岂不怀归,,,
207,24,2,6,畏此谴怒,怒,4,207-a
207,25,3,1,昔我往矣,,,
207,26,3,1,日月方奥,奧,4,207-a
207,27,3,2,曷云其还,,,
207,28,3,2,政事愈蹙,蹙,4,207-a
207,29,3,3,岁聿云莫,,,
207,30,3,3,采萧获菽,菽,4,207-a
207,31,3,4,心之忧矣,,,
207,32,3,4,自始伊戚,戚,4,207-a
207,33,3,5,念彼共人,,,
207,34,3,5,兴言出宿,宿,4,207-a
207,35,3,6,岂不怀归,,,
207,36,3,6,畏此反覆,覆,4,207-a
207,37,4,1,嗟尔君子,,,
207,38,4,1,无恒安处,處,4,207-a
207,39,4,2,靖共尔位,,,
207,40,4,2,正直是与,與,4,207-a
207,41,4,3,神之听之,,,
207,42,4,3,式谷以女,女,4,207-a
207,43,5,1,嗟尔君子,,,
207,44,5,1,无恒安息,息,4,207-a
207,45,5,2,靖共尔位,,,
207,46,5,2,好是正直,直,4,207-a
207,47,5,3,神之听之,,,
207,48,5,3,介尔景福,福,4,207-a
208,1,1,1,鼓钟将将,將,4,208-a
208,2,1,1,淮水汤汤,湯,4,208-a
208,3,1,2,忧心且伤,傷,4,208-a
208,4,1,3,淑人君子,,,
208,5,1,3,怀允不忘,忘,4,208-a
208,6,2,1,鼓钟喈喈,喈喈,3 4,208-a|208-a
208,7,2,1,淮水湝湝,湝湝,3 4,208-a|208-a
208,8,2,2,忧心且悲,悲,4,208-a
208,9,2,3,淑人君子,,,
208,10,2,3,其德不回,回,4,208-a
208,11,3,1,鼓钟伐鼛,鼛,4,208-a
208,12,3,1,淮有三洲,洲,4,208-a
208,13,3,2,忧心且妯,妯,4,208-a
208,14,3,3,淑人君子,,,
208,15,3,3,其德不犹,猶,4,208-a
208,16,4,1,鼓钟钦钦,欽欽,3 4,208-a|208-a
208,17,4,1,鼓瑟鼓琴,琴,4,208-a
208,18,4,2,笙磬同音,音,4,208-a
208,19,4,3,以雅以南,,,
208,20,4,3,以籥不僭,僭,4,208-a
209,1,1,1,楚楚者茨,,,
209,2,1,1,言抽其棘,棘,4,209-a
209,3,1,2,自昔何为,,,
209,4,1,2,我蓺黍稷,稷,4,209-a
209,5,1,3,我黍与与,,,
209,6,1,3,我稷翼翼,翼,4,209-a
209,7,1,4,我仓既盈,,,
209,8,1,4,我庾维亿,億,4,209-a
209,9,1,5,以为酒食,食,4,209-a
209,10,1,5,以飨以祀,祀,4,209-a
209,11,1,6,以妥以侑,侑,4,209-a
209,12,1,6,以介景福,福,4,209-a
209,13,2,1,济济跄跄,蹌蹌,3 4,209-a|209-a
209,14,2,1,絜尔牛羊,羊,4,209-a
209,15,2,1,以往烝尝,嘗,4,209-a
209,16,2,2,或剥或亨,亨,4,209-a
209,17,2,2,或肆或将,將,4,209-a
209,18,2,3,祝祭于祊,祊,4,209-a
209,19,2,3,祀事孔明,明,4,209-a
209,20,2,4,先祖是皇,皇,4,209-a
209,21,2,4,神保是飨,饗,4,209-a
209,22,2,5,孝孙有庆,慶,4,209-a
209,23,2,6,报以介福,,,
209,24,2,6,万寿无疆,疆,4,209-a
209,25,3,1,执爨踖踖,踖踖,3 4,209-a|209-a
209,26,3,1,为俎孔硕,碩,4,209-a
209,27,3,1,或燔或炙,炙,4,209-a
209,28,3,2,君妇莫莫,莫莫,3 4,209-a|209-a
209,29,3,2,为豆孔庶,庶,4,209-a
209,30,3,3,为宾为客,客,4,209-a
209,31,3,3,献酬交错,錯,4,209-a
209,32,3,4,礼仪卒度,度,4,209-a
209,33,3,4,笑语卒获,獲,4,209-a
209,34,3,5,神保是格,格,4,209-a
209,35,3,6,报以介福,,,
209,36,3,6,万寿攸酢,酢,4,209-a
209,37,4,1,我孔熯矣,熯,3,209-a
209,38,4,1,式礼莫愆,愆,4,209-a
209,39,4,2,工祝致告,,,
209,40,4,2,徂赉孝孙,孫,4,209-a
209,41,4,3,苾芬孝祀,祀,4,209-b
209,42,4,3,神嗜饮食,食,4,209-b
209,43,4,4,卜尔百福,福,4,209-b
209,44,4,4,如几如式,式,4,209-b
209,45,4,5,既齐既稷,稷,4,209-b
209,46,4,5,既匡既敕,敕,4,209-b
209,47,4,6,永锡尔极,極,4,209-b
209,48,4,6,时万时亿,億,4,209-b
209,49,5,1,礼仪既备,備,4,209-a
209,50,5,1,钟鼓既戒,戒,4,209-a
209,51,5,2,孝孙徂位,位,4,209-a
209,52,5,2,工祝致告,告,4,209-a
209,53,5,3,神具醉止,止,4,209-b
209,54,5,3,皇尸载起,起,4,209-b
209,55,5,4,鼓钟送尸,尸,4,209-c
209,56,5,4,神保聿归,歸,4,209-c
209,57,5,5,诸宰君妇,婦,4,209-c
209,58,5,5,废彻不迟,遲,4,209-c
209,59,5,6,诸父兄弟,弟,4,209-c
209,60,5,6,备言燕私,私,4,209-c
209,61,6,1,乐具入奏,奏,4,209-a
209,62,6,1,以绥后禄,祿,4,209-a
209,63,6,2,尔殽既将,將,4,209-b
209,64,6,2,莫怨具庆,慶,4,209-b
209,65,6,3,既醉既饱,飽,4,209-c
209,66,6,3,小大稽首,首,4,209-c
209,67,6,4,神嗜饮食,,,
209,68,6,4,使君寿考,考,4,209-c
209,69,6,5,孔惠孔时,,,
209,70,6,5,维其尽之,盡,3,209-d
209,71,6,6,子子孙孙,,,
209,72,6,6,勿替引之,引,3,209-d
210,1,1,1,信彼南山,,,
210,2,1,1,维禹甸之,甸,3,210-a
210,3,1,2,畇畇原隰,,,
210,4,1,2,曾孙田之,田,3,210-a
210,5,1,3,我疆我理,理,4,210-b
210,6,1,3,南东其亩,畝,4,210-b
210,7,2,1,上天同云,雲,4,210-a
210,8,2,1,雨雪雰雰,雰雰,3 4,210-a|210-a
210,9,2,2,益之以霡霂,霂,5,210-b
210,10,2,2,既优既渥,渥,4,210-b
210,11,2,2,既沾既足,足,4,210-b
210,12,2,2,生我百谷,穀,4,210-b
210,13,3,1,疆场翼翼,翼翼,3 4,210-a|210-a
210,14,3,1,黍稷彧彧,彧彧,3 4,210-a|210-a
210,15,3,2,曾孙之穑,穡,4,210-a
210,16,3,2,以为酒食,食,4,210-a
210,17,3,3,畀我尸宾,賓,4,210-b
210,18,3,3,寿考万年,年,4,210-b
210,19,4,1,中田有庐,廬,4,210-a
210,20,4,1,疆场有瓜,瓜,4,210-a
210,21,4,2,是剥是菹,菹,4,210-a
210,22,4,2,献之皇祖,祖,4,210-a
210,23,4,3,曾孙寿考,,,
210,24,4,3,受天之祜,祜,4,210-a
210,25,5,1,祭以清酒,酒,4,210-a
210,26,5,1,从以骍牡,牡,4,210-a
210,27,5,1,享于祖考,考,4,210-a
210,28,5,2,执其鸾刀,刀,4,210-b
210,29,5,2,以启其毛,毛,4,210-b
210,30,5,2,取其血膋,膋,4,210-b
210,31,6,1,是烝是享,享,4,210-a
210,32,6,1,苾苾芬芬,,,
210,33,6,1,祀事孔明,明,4,210-a
210,34,6,2,先祖是皇,皇,4,210-a
210,35,6,3,报以介福,,,
210,36,6,3,万寿无疆,疆,4,210-a
211,1,1,1,倬彼甫田,田,4,211-a
211,2,1,1,岁取十千,千,4,211-a
211,3,1,2,我取其陈,陳,4,211-a
211,4,1,2,食我农人,人,4,211-a
211,5,1,3,自古有年,年,4,211-a
211,6,1,4,今适南亩,畝,4,211-b
211,7,1,4,或耘或耔,耔,4,211-b
211,8,1,4,黍稷薿薿,薿薿,3 4,211-b|211-b
211,9,1,5,攸介攸止,止,4,211-b
211,10,1,5,烝我髦士,士,4,211-b
211,11,2,1,以我齐明,明,4,211-a
211,12,2,1,与我牺羊,羊,4,211-a
211,13,2,1,以社以方,方,4,211-a
211,14,2,2,我田既臧,臧,4,211-a
211,15,2,2,农夫之庆,慶,4,211-a
211,16,2,3,琴瑟击鼓,鼓,4,211-b
211,17,2,3,以御田祖,祖,4,211-b
211,18,2,4,以祈甘雨,雨,4,211-b
211,19,2,4,以介我稷黍,黍,5,211-b
211,20,2,4,以谷我士女,女,5,211-b
211,21,3,1,曾孙来止,止,4,211-a
211,22,3,1,以其妇子,子,4,211-a
211,23,3,1,馌彼南亩,畝,4,211-a
211,24,3,1,田畯至喜,喜,4,211-a
211,25,3,2,攘其左右,右,4,211-a
211,26,3,2,尝其旨否,否,4,211-a
211,27,3,3,禾易长亩,畝,4,211-a
211,28,3,3,终善且有,有,4,211-a
211,29,3,4,曾孙不怒,,,
211,30,3,4,农夫克敏,敏,4,211-a
211,31,4,1,曾孙之稼,,,
211,32,4,1,如茨如粱,粱,4,211-a
211,33,4,2,曾孙之庾,,,
211,34,4,2,如坻如京,京,4,211-a
211,35,4,3,乃求千斯仓,倉,5,211-a
211,36,4,3,乃求万斯箱,箱,5,211-a
211,37,4,4,黍稷稻梁,梁,4,211-a
211,38,4,4,农夫之庆,慶,4,211-a
211,39,4,5,报以介福,,,
211,40,4,5,万寿无疆,疆,4,211-a
212,1,1,1,大田多稼,,,
212,2,1,1,既种既戒,戒,4,212-a
212,3,1,2,既备乃事,事,4,212-a
212,4,1,2,以我覃耜,耜,4,212-a
212,5,1,2,俶载南亩,畝,4,212-a
212,6,1,2,播厥百谷,,,
212,7,1,3,既庭且硕,碩,4,212-b
212,8,1,3,曾孙是若,若,4,212-b
212,9,2,1,既方既皂,皁,4,212-a
212,10,2,1,既坚既好,好,4,212-a
212,11,2,2,不稂不莠,莠,4,212-a
212,12,2,2,去其螟螣,螣,4,212-b
212,13,2,3,及其蟊贼,賊,4,212-b
212,14,2,3,无害我田穉,穉,5,212-c
212,15,2,4,田祖有神,,,
212,16,2,4,秉畀炎火,火,4,212-c
212,17,3,1,有渰萋萋,萋萋,3 4,212-a|212-a
212,18,3,1,兴雨祁祁,祁,4,212-a
212,19,3,2,雨我公田,,,
212,20,3,2,遂及我私,私,4,212-a
212,21,3,3,彼有不获此,穫,4,212-b
212,22,3,3,有不敛穧,穧,4,212-b
212,23,3,4,彼有遗秉,,,
212,24,3,4,此有滞穗,穗,4,212-c
212,25,3,4,伊寡妇之利,利,5,212-c
212,26,4,1,曾孙来止,止,4,212-a
212,27,4,1,以其妇子,子,4,212-a
212,28,4,2,馌彼南亩,畝,4,212-a
212,29,4,2,田畯至喜,喜,4,212-a
212,30,4,3,来方禋祀,祀,4,212-b
212,31,4,3,以其骍黑,黑,4,212-b
212,32,4,4,与其黍稷,稷,4,212-b
212,33,4,4,以享以祀,祀,4,212-b
212,34,4,5,以介景福,福,4,212-b
213,1,1,1,瞻彼洛矣,矣,4,213-a
213,2,1,1,维水泱泱,,,
213,3,1,2,君子至止,止,4,213-a
213,4,1,2,福禄如茨,茨,4,213-b
213,5,1,3,韎韐有奭,,,
213,6,1,3,以作六师,師,4,213-b
213,7,2,1,瞻彼洛矣,矣,4,213-a
213,8,2,1,维水泱泱,,,
213,9,2,2,君子至止,止,4,213-a
213,10,2,2,鞞琫有珌,珌,4,213-a
213,11,2,3,君子万年,,,
213,12,2,3,保其家室,室,4,213-a
213,13,3,1,瞻彼洛矣,矣,4,213-a
213,14,3,1,维水泱泱,,,
213,15,3,2,君子至止,止,4,213-a
213,16,3,2,福禄既同,同,4,213-a
213,17,3,3,君子万年,,,
213,18,3,3,保其家邦,邦,4,213-a
214,1,1,1,裳裳者华,,,
214,2,1,1,其叶湑兮,湑,3,214-a
214,3,1,2,我觏之子,,,
214,4,1,2,我心写兮,寫,3,214-a
214,5,1,3,我心写兮,寫,3,214-a
214,6,1,3,是以有誉处兮,處,5,214-a
214,7,2,1,裳裳者华,,,
214,8,2,1,芸其黄矣,黃,3,214-a
214,9,2,2,我觏之子,,,
214,10,2,2,维其有章矣,章,4,214-a
214,11,2,3,维其有章矣,章,4,214-a
214,12,2,3,是以有庆矣,慶,4,214-a
214,13,3,1,裳裳者华,,,
214,14,3,1,或黄或白,白,4,214-a
214,15,3,2,我觏之子,,,
214,16,3,2,乘其四骆,駱,4,214-a
214,17,3,3,乘其四骆,駱,4,214-a
214,18,3,3,六辔沃若,若,4,214-a
214,19,4,1,左之左之,左,3,214-a
214,20,4,1,君子宜之,宜,3,214-a
214,21,4,2,右之右之,右,3,214-b
214,22,4,2,君子有之,有,3,214-b
214,23,4,3,维其有之,有,3,214-b
214,24,4,3,是以似之,似,3,214-b
215,1,1,1,交交桑扈,扈,4,215-a
215,2,1,1,有莺其羽,羽,4,215-a
215,3,1,2,君子乐胥,胥,4,215-a
215,4,1,2,受天之祜,祜,4,215-a
215,5,2,1,交交桑扈,扈,4,215-a
215,6,2,1,有莺其领,領,4,215-b
215,7,2,2,君子乐胥,胥,4,215-a
215,8,2,2,万邦之屏,屏,4,215-b
215,9,3,1,之屏之翰,翰,4,215-a
215,10,3,1,百辟为宪,憲,4,215-a
215,11,3,2,不戢不难,難,4,215-a
215,12,3,2,受福不那,那,4,215-a
215,13,4,1,兕觥其觩,觩,4,215-a
215,14,4,1,旨酒思柔,柔,4,215-a
215,15,4,2,彼交匪敖,敖,4,215-a
215,16,4,2,万福来求,求,4,215-a
216,1,1,1,鸳鸯于飞,,,
216,2,1,1,毕之罗之,羅,3,216-a
216,3,1,2,君子万年,,,
216,4,1,2,福禄宜之,宜,3,216-a
216,5,2,1,鸳鸯在梁,,,
216,6,2,1,戢其左翼,翼,4,216-a
216,7,2,2,君子万年,,,
216,8,2,2,宜其遐福,福,4,216-a
216,9,3,1,乘马在厩,,,
216,10,3,1,摧之秣之,秣,3,216-a
216,11,3,2,君子万年,,,
216,12,3,2,福禄艾之,艾,3,216-a
216,13,4,1,乘马在厩,,,
216,14,4,1,秣之摧之,摧,3,216-a
216,15,4,2,君子万年,,,
216,16,4,2,福禄绥之,綏,3,216-a
217,1,1,1,有者弁,,,
217,2,1,1,实维伊何,何,4,217-a
217,3,1,2,尔酒既旨,,,
217,4,1,2,尔殽既嘉,嘉,4,217-a
217,5,1,3,岂伊异人,,,
217,6,1,3,兄弟匪他,他,4,217-a
217,7,1,4,茑与女萝,蘿,4,217-a
217,8,1,4,施于松柏,柏,4,217-b
217,9,1,5,未见君子,,,
217,10,1,5,忧心弈弈,弈弈,3 4,217-b|217-b
217,11,1,6,既见君子,,,
217,12,1,6,庶几说怿,懌,4,217-b
217,13,2,1,有者弁,,,
217,14,2,1,实维何期,期,4,217-a
217,15,2,2,尔酒既旨,,,
217,16,2,2,尔殽既时,時,4,217-a
217,17,2,3,岂伊异人,,,
217,18,2,3,兄弟具来,來,4,217-a
217,19,2,4,茑与女萝,,,
217,20,2,4,施于松上,上,4,217-b
217,21,2,5,未见君子,,,
217,22,2,5,忧心怲怲,怲,4,217-b
217,23,2,6,既见君子,,,
217,24,2,6,庶几有臧,臧,4,217-b
217,25,3,1,有者弁,,,
217,26,3,1,实维在首,首,4,217-a
217,27,3,2,尔酒既旨,,,
217,28,3,2,尔殽既阜,阜,4,217-a
217,29,3,3,岂伊异人,,,
217,30,3,3,兄弟甥舅,舅,4,217-a
217,31,3,4,如彼雨雪,,,
217,32,3,4,先集维霰,霰,4,217-b
217,33,3,5,死丧无日,,,
217,34,3,5,无几相见,見,4,217-b
217,35,3,6,乐酒今夕,,,
217,36,3,6,君子维宴,宴,4,217-b
218,1,1,1,间关车之舝兮,舝,5,218-a
218,2,1,1,思娈季女逝兮,逝,5,218-a
218,3,1,2,匪饥匪渴,渴,4,218-a
218,4,1,2,德音来括,括,4,218-a
218,5,1,3,虽无好友,友,4,218-b
218,6,1,3,式燕且喜,喜,4,218-b
218,7,2,1,依彼平林,,,
218,8,2,1,有集维鷮,鷮,4,218-a
218,9,2,2,辰彼硕女,,,
218,10,2,2,令德来教,教,4,218-a
218,11,2,3,式燕且誉,譽,4,218-b
218,12,2,3,好尔无射,射,4,218-b
218,13,3,1,虽无旨酒,酒,4,218-a
218,14,3,1,式饮庶几,幾,4,218-c
218,15,3,2,虽无嘉殽,殽,4,218-a
218,16,3,2,式食庶几,幾,4,218-c
218,17,3,3,虽无德与女,女,5,218-b
218,18,3,3,式歌且舞,舞,4,218-b
218,19,4,1,陟彼高冈,,,
218,20,4,1,析其柞薪,,,
218,21,4,2,析其柞薪,,,
218,22,4,2,其叶湑兮,湑,3,218-a
218,23,4,3,鲜我觏尔,,,
218,24,4,3,我心写兮,寫,3,218-a
218,25,5,1,高山仰止,仰,3,218-a
218,26,5,1,景行行止,行行,2 3,218-a|218-a
218,27,5,2,四牡,,,
218,28,5,2,六辔如琴,琴,4,218-b
218,29,5,3,觏尔新昏,,,
218,30,5,3,以慰我心,心,4,218-b
219,1,1,1,营营青蝇,,,
219,2,1,1,止于樊,樊,3,219-a
219,3,1,2,岂弟君子,,,
219,4,1,2,无信谗言,言,4,219-a
219,5,2,1,营营青蝇,,,
219,6,2,1,止于棘,棘,3,219-a
219,7,2,2,谗人罔极,極,4,219-a
219,8,2,2,交乱四国,國,4,219-a
219,9,3,1,营营青蝇,,,
219,10,3,1,止于榛,榛,3,219-a
219,11,3,2,谗人罔极,,,
219,12,3,2,构我二人,人,4,219-a
220,1,1,1,宾之初筵,,,
220,2,1,1,左右秩秩,,,
220,3,1,2,笾豆有楚,楚,4,220-a
220,4,1,2,殽喝维旅,旅,4,220-a
220,5,1,3,酒既和旨,旨,4,220-b
220,6,1,3,饮酒孔偕,偕,4,220-b
220,7,1,4,钟鼓既设,設,4,220-c
220,8,1,4,举酬逸逸,逸逸,3 4,220-c|220-c
220,9,1,5,大侯既抗,抗,4,220-d
220,10,1,5,弓矢斯张,張,4,220-d
220,11,1,6,射夫既同,同,4,220-e
220,12,1,6,献尔发功,功,4,220-e
220,13,1,7,发彼有的,的,4,220-f
220,14,1,7,以祈尔爵,爵,4,220-f
220,15,2,1,籥舞笙鼓,舞鼓,2 4,220-a|220-a
220,16,2,1,乐既和奏,,,
220,17,2,2,烝衎烈祖,祖,4,220-a
220,18,2,2,以洽百礼,,,
220,19,2,3,百礼既至,至,4,220-b
220,20,2,3,有壬有林,林,4,220-b
220,21,2,4,锡尔纯嘏,,,
220,22,2,4,子孙其湛,湛,4,220-b
220,23,2,5,其湛曰乐,,,
220,24,2,5,各奏尔能,能,4,220-c
220,25,2,6,宾载手仇,,,
220,26,2,6,室人入又,又,4,220-c
220,27,2,7,酌彼康爵,,,
220,28,2,7,以奏尔时,時,4,220-c
220,29,3,1,宾之初筵,,,
220,30,3,1,温温其恭,,,
220,31,3,2,其未醉止,,,
220,32,3,2,威仪反反,反反,3 4,220-a|220-a
220,33,3,3,曰既醉止,,,
220,34,3,3,威仪幡幡,幡幡,3 4,220-a|220-a
220,35,3,4,舍其坐迁,遷,4,220-a
220,36,3,4,屡舞仙仙,僊僊,3 4,220-a|220-a
220,37,3,5,其未醉止,,,
220,38,3,5,威仪抑抑,抑抑,3 4,220-b|220-b
220,39,3,6,曰既醉止,,,
220,40,3,6,威仪怭怭,怭怭,3 4,220-b|220-b
220,41,3,7,是曰既醉,,,
220,42,3,7,不知其秩,秩,4,220-b
220,43,4,1,宾既醉止,,,
220,44,4,1,载号载呶,號呶,2 4,220-a|220-a
220,45,4,2,乱我笾豆,,,
220,46,4,2,屡舞僛僛,僛僛,3 4,220-b|220-b
220,47,4,3,是曰既醉,,,
220,48,4,3,不知其邮,郵,4,220-b
220,49,4,4,侧弁之俄,俄,4,220-c
220,50,4,4,屡舞傞傞,傞傞,3 4,220-c|220-c
220,51,4,5,既醉而出,,,
220,52,4,5,并受其福,福,4,220-d
220,53,4,6,醉而不出,,,
220,54,4,6,是谓伐德,德,4,220-d
220,55,4,7,饮酒孔嘉,嘉,4,220-e
220,56,4,7,维其令仪,儀,4,220-e
220,57,5,1,凡此饮酒,,,
220,58,5,1,或醉或否,否,4,220-a
220,59,5,2,既立之监,,,
220,60,5,2,或佐之史,史,4,220-a
220,61,5,3,彼醉不臧,,,
220,62,5,3,不醉反耻,恥,4,220-a
220,63,5,4,式勿从谓,,,
220,64,5,4,无俾大怠,怠,4,220-a
220,65,5,5,匪言勿言,,,
220,66,5,5,匪由勿语,語,4,220-b
220,67,5,6,由醉之言,,,
220,68,5,6,俾出童羖,羖,4,220-b
220,69,5,7,三爵不识,識,4,220-c
220,70,5,7,矧敢多又,又,4,220-c
221,1,1,1,鱼在在藻,藻,4,221-a
221,2,1,1,有颁其首,首,4,221-b
221,3,1,2,王在在镐,鎬,4,221-a
221,4,1,2,岂乐饮酒,酒,4,221-b
221,5,2,1,鱼在在藻,藻,4,221-a
221,6,2,1,有莘其尾,尾,4,221-b
221,7,2,2,王在在镐,鎬,4,221-a
221,8,2,2,饮酒乐岂,豈,4,221-b
221,9,3,1,鱼在在藻,藻,4,221-a
221,10,3,1,依于其蒲,蒲,4,221-b
221,11,3,2,王在在镐,鎬,4,221-a
221,12,3,2,有那其居,居,4,221-b
222,1,1,1,采菽采菽,,,
222,2,1,1,筐之筥之,筥,3,222-a
222,3,1,2,君子来朝,,,
222,4,1,2,何锡予之,予,3,222-a
222,5,1,3,虽无予之,予,3,222-a
222,6,1,3,路车乘马,馬,4,222-a
222,7,1,4,又何予之,予,3,222-a
222,8,1,4,玄衮及黼,黼,4,222-a
222,9,2,1,觱沸槛泉,,,
222,10,2,1,言采其芹,芹,4,222-a
222,11,2,2,君子来朝,,,
222,12,2,2,言观其旗,旂,4,222-a
222,13,2,3,其旗淠淠,淠淠,3 4,222-b|222-b
222,14,2,3,鸾声嘒嘒,嘒嘒,3 4,222-b|222-b
222,15,2,4,载骖载驷,駟,4,222-b
222,16,2,4,君子所届,屆,4,222-b
222,17,3,1,赤芾在股,股,4,222-a
222,18,3,1,邪幅在下,下,4,222-a
222,19,3,2,彼交匪纾,紓,4,222-a
222,20,3,2,天子所予,予,4,222-a
222,21,3,3,乐只君子,,,
222,22,3,3,天子命之,命,3,222-b
222,23,3,4,乐只君子,,,
222,24,3,4,福禄申之,申,3,222-b
222,25,4,1,维柞之枝,,,
222,26,4,1,其叶蓬蓬,蓬蓬,3 4,222-a|222-a
222,27,4,2,乐只君子,,,
222,28,4,2,殿天子之邦,邦,5,222-a
222,29,4,3,乐只君子,,,
222,30,4,3,万福攸同,同,4,222-a
222,31,4,4,平平左右,,,
222,32,4,4,亦是率从,從,4,222-a
222,33,5,1,泛泛杨舟,,,
222,34,5,1,绋维之,維,3,222-a
222,35,5,2,乐只君子,,,
222,36,5,2,天之葵之,葵,3,222-a
222,37,5,3,乐只君子,,,
222,38,5,3,福禄膍之,膍,3,222-a
222,39,5,4,优哉游哉,,,
222,40,5,4,亦是戾矣,戾,3,222-a
223,1,1,1,骍骍角弓,,,
223,2,1,1,翩其反矣,反,3,223-a
223,3,1,2,兄弟昏姻,,,
223,4,1,2,无胥远矣,遠,3,223-a
223,5,2,1,尔之远矣,遠,3,223-a
223,6,2,1,民胥然矣,然,3,223-a
223,7,2,2,尔之教矣,教,3,223-b
223,8,2,2,民胥效矣,傚,3,223-b
223,9,3,1,此令兄弟,,,
223,10,3,1,绰绰有裕,裕,4,223-a
223,11,3,2,不令兄弟,,,
223,12,3,2,交相为愈,瘉,4,223-a
223,13,4,1,民之无良,良,4,223-a
223,14,4,1,相怨一方,方,4,223-a
223,15,4,2,受爵不让,讓,4,223-b
223,16,4,2,至于已斯亡,亡,5,223-b
223,17,5,1,老马反为驹,駒,5,223-a
223,18,5,1,不顾其后,後,4,223-a
223,19,5,2,如食宜饇,饇,4,223-a
223,20,5,2,如酌孔取,取,4,223-a
223,21,6,1,毋教猱升木,木,5,223-a
223,22,6,1,如涂涂附,附,4,223-a
223,23,6,2,君子有徽猷,,,
223,24,6,2,小人与属,屬,4,223-a
223,25,7,1,雨雪瀌瀌,瀌瀌,3 4,223-a|223-a
223,26,7,1,见曰消,消,4,223-a
223,27,7,2,莫肯下遗,,,
223,28,7,2,式居娄骄,驕,4,223-a
223,29,8,1,雨雪浮浮,浮浮,3 4,223-a|223-a
223,30,8,1,见曰流,流,4,223-a
223,31,8,2,如蛮如髦,髦,4,223-a
223,32,8,2,我是用忧,憂,4,223-a
224,1,1,1,有菀者柳,柳,4,224-a
224,2,1,1,不尚息焉,息,3,224-b
224,3,1,2,上帝甚蹈,蹈,4,224-a
224,4,1,2,无自昵焉,暱,3,224-b
224,5,1,3,俾予靖之,,,
224,6,1,3,后予极焉,極,3,224-b
224,7,2,1,有菀者柳,柳,4,224-a
224,8,2,1,不尚愒焉,愒,3,224-b
224,9,2,2,上帝甚蹈,蹈,4,224-a
224,10,2,2,无自瘵焉,瘵,3,224-b
224,11,2,3,俾予靖之,,,
224,12,2,3,后予迈焉,邁,3,224-b
224,13,3,1,有鸟高飞,,,
224,14,3,1,亦傅于天,天,4,224-a
224,15,3,2,彼人之心,,,
224,16,3,2,于何其臻,臻,4,224-a
224,17,3,3,曷予靖之,,,
224,18,3,3,居以凶矜,矜,4,224-a
225,1,1,1,彼都人士,,,
225,2,1,1,狐裘黄黄,黃黃,3 4,225-a|225-a
225,3,1,2,其容不改,,,
225,4,1,2,出言有章,章,4,225-a
225,5,1,3,行归于周,,,
225,6,1,3,万民所望,望,4,225-a
225,7,2,1,彼都人士,,,
225,8,2,1,台笠缁撮,撮,4,225-a
225,9,2,2,彼君子女,,,
225,10,2,2,绸直如发,髮,4,225-a
225,11,2,3,我不见兮,,,
225,12,2,3,我心不说,說,4,225-a
225,13,3,1,彼都人士,,,
225,14,3,1,充耳琇实,實,4,225-a
225,15,3,2,彼君子女,,,
225,16,3,2,谓之尹吉,吉,4,225-a
225,17,3,3,我不见兮,,,
225,18,3,3,我心苑结,結,4,225-a
225,19,4,1,彼都人士,,,
225,20,4,1,垂带而厉,厲,4,225-a
225,21,4,2,彼君子女,,,
225,22,4,2,卷发如虿,蠆,4,225-a
225,23,4,3,我不见兮,,,
225,24,4,3,言从之迈,邁,4,225-a
225,25,5,1,匪伊垂之,,,
225,26,5,1,带则有余,餘,4,225-a
225,27,5,2,匪伊卷之,,,
225,28,5,2,发则有旟,旟,4,225-a
225,29,5,3,我不见兮,,,
225,30,5,3,云何盱矣,盱,3,225-a
226,1,1,1,终朝采绿,綠,4,226-a
226,2,1,1,不盈一匊,匊,4,226-a
226,3,1,2,予发曲局,局,4,226-a
226,4,1,2,薄言归沐,沐,4,226-a
226,5,2,1,终朝采蓝,藍,4,226-a
226,6,2,1,不盈一襜,襜,4,226-a
226,7,2,2,五日为期,,,
226,8,2,2,六日不詹,詹,4,226-a
226,9,3,1,之子于狩,,,
226,10,3,1,言韔其弓,弓,4,226-a
226,11,3,2,之子于钓,,,
226,12,3,2,言纶之绳,繩,4,226-a
226,13,4,1,其钓维何,,,
226,14,4,1,维鲂及,鱮,4,226-a
226,15,4,2,维鲂及,鱮,4,226-a
226,16,4,2,薄言观者,者,4,226-a
227,1,1,1,芃芃黍苗,苗,4,227-a
227,2,1,1,阴雨膏之,膏,3,227-a
227,3,1,2,悠悠南行,,,
227,4,1,2,召伯劳之,勞,3,227-a
227,5,2,1,我任我辇,,,
227,6,2,1,我车我牛,牛,4,227-a
227,7,2,2,我行既集,,,
227,8,2,2,盖云归哉,哉,4,227-a
227,9,3,1,我徒我御,御,4,227-a
227,10,3,1,我师我旅,旅,4,227-a
227,11,3,2,我行既集,,,
227,12,3,2,盖云归处,處,4,227-a
227,13,4,1,肃肃谢功,,,
227,14,4,1,召伯营之,營,3,227-a
227,15,4,2,烈烈征师,,,
227,16,4,2,召伯成之,成,3,227-a
227,17,5,1,原隰既平,平,4,227-a
227,18,5,1,泉流既清,清,4,227-a
227,19,5,2,召伯有成,成,4,227-a
227,20,5,2,王心则宁,寧,4,227-a
228,1,1,1,隰桑有阿,阿,4,228-a
228,2,1,1,其叶有难,難,4,228-a
228,3,1,2,既见君子,,,
228,4,1,2,其乐如何,何,4,228-a
228,5,2,1,隰桑有阿,,,
228,6,2,1,其叶有沃,沃,4,228-a
228,7,2,2,既见君子,,,
228,8,2,2,云何不乐,樂,4,228-a
228,9,3,1,隰桑有阿,,,
228,10,3,1,其叶有幽,幽,4,228-a
228,11,3,2,既见君子,,,
228,12,3,2,德音孔胶,膠,4,228-a
228,13,4,1,心乎爱矣,愛,3,228-a
228,14,4,1,遐不谓矣,謂,3,228-a
228,15,4,2,中心藏之,藏,3,228-b
228,16,4,2,何日忘之,忘,3,228-b
229,1,1,1,白华菅兮,菅,3,229-a
229,2,1,1,白茅束兮,束,3,229-b
229,3,1,2,之子之远,遠,4,229-a
229,4,1,2,俾我独兮,獨,3,229-b
229,5,2,1,英英白云,,,
229,6,2,1,露彼菅茅,茅,4,229-a
229,7,2,2,天步艰难,,,
229,8,2,2,之子不犹,猶,4,229-a
229,9,3,1,滮池北流,,,
229,10,3,1,浸彼稻田,田,4,229-a
229,11,3,2,啸歌伤怀,,,
229,12,3,2,念彼硕人,人,4,229-a
229,13,4,1,樵彼桑薪,薪,4,229-a
229,14,4,1,卬烘于煁,煁,4,229-b
229,15,4,2,维彼硕人,人,4,229-a
229,16,4,2,实劳我心,心,4,229-b
229,17,5,1,鼓钟于宫,,,
229,18,5,1,声闻于外,外,4,229-a
229,19,5,2,念子懆懆,,,
229,20,5,2,视我迈迈,邁邁,3 4,229-a|229-a
229,21,6,1,有鹙在梁,,,
229,22,6,1,有鹤在林,林,4,229-a
229,23,6,2,维彼硕人,,,
229,24,6,2,实劳我心,心,4,229-a
229,25,7,1,鸳鸯在梁,梁,4,229-a
229,26,7,1,戢其左翼,翼,4,229-b
229,27,7,2,之子无良,良,4,229-a
229,28,7,2,二三其德,德,4,229-b
229,29,8,1,有扁斯石,,,
229,30,8,1,履之卑兮,卑,3,229-a
229,31,8,2,之子之远,,,
229,32,8,2,俾我疧兮,疧,3,229-a
230,1,1,1,绵蛮黄鸟,,,
230,2,1,1,止于丘阿,阿,4,230-a
230,3,1,2,道之云远,,,
230,4,1,2,我劳如何,何,4,230-a
230,5,1,3,饮之食之,食,3,230-b
230,6,1,3,教之诲之,誨,3,230-b
230,7,1,3,命彼后车,,,
230,8,1,3,谓之载之,載,3,230-b
230,9,2,1,绵蛮黄鸟,,,
230,10,2,1,止于丘隅,隅,4,230-a
230,11,2,2,岂敢惮行,,,
230,12,2,2,畏不能趋,趨,4,230-a
230,13,2,3,饮之食之,食,3,230-b
230,14,2,3,教之诲之,誨,3,230-b
230,15,2,3,命彼后车,,,
230,16,2,3,谓之载之,載,3,230-b
230,17,3,1,绵蛮黄鸟,,,
230,18,3,1,止于丘侧,側,4,230-a
230,19,3,2,岂敢惮行,,,
230,20,3,2,畏不能极,極,4,230-a
230,21,3,3,饮之食之,食,3,230-b
230,22,3,3,教之诲之,誨,3,230-b
230,23,3,3,命彼后车,,,
230,24,3,3,谓之载之,載,3,230-b
231,1,1,1,幡幡瓠叶,,,
231,2,1,1,采之亨之,亨,3,231-a
231,3,1,2,君子有酒,,,
231,4,1,2,酌言尝之,嘗,3,231-a
231,5,2,1,有兔斯首,首,4,231-a
231,6,2,1,炮之燔之,燔,3,231-b
231,7,2,2,君子有酒,酒,4,231-a
231,8,2,2,酌言献之,獻,3,231-b
231,9,3,1,有兔斯首,首,4,231-a
231,10,3,1,燔之炙之,炙,3,231-b
231,11,3,2,君子有酒,酒,4,231-a
231,12,3,2,酌言酢之,酢,3,231-b
231,13,4,1,有兔斯首,首,4,231-a
231,14,4,1,燔之炮之,炮,3,231-b
231,15,4,2,君子有酒,酒,4,231-a
231,16,4,2,酌言酬之,酬,3,231-b
232,1,1,1,渐渐之石,,,
232,2,1,1,维其高矣,高,3,232-a
232,3,1,2,山川悠远,,,
232,4,1,2,维其劳矣,勞,3,232-a
232,5,1,3,武人东征,,,
232,6,1,3,不遑朝矣,朝,3,232-a
232,7,2,1,渐渐之石,,,
232,8,2,1,维其卒矣,卒,3,232-a
232,9,2,2,山川悠远,,,
232,10,2,2,曷其没矣,沒,3,232-a
232,11,2,3,武人东征,,,
232,12,2,3,不遑出矣,出,3,232-a
232,13,3,1,有豕白蹢,,,
232,14,3,1,烝涉波矣,波,3,232-a
232,15,3,2,月离于毕,,,
232,16,3,2,俾滂沱矣,沱,3,232-a
232,17,3,3,武人东征,,,
232,18,3,3,不遑他矣,他,3,232-a
233,1,1,1,苕之华,,,
233,2,1,1,芸其黄矣,黃,3,233-a
233,3,1,2,心之忧矣,,,
233,4,1,2,维其伤矣,傷,3,233-a
233,5,2,1,苕之华,,,
233,6,2,1,其叶青青,青青,3 4,233-a|233-a
233,7,2,2,知我如此,,,
233,8,2,2,不如无生,生,4,233-a
233,9,3,1,牂羊坟首,首,4,233-a
233,10,3,1,三星在罶,罶,4,233-a
233,11,3,2,人可以食,,,
233,12,3,2,鲜可以饱,飽,4,233-a
234,1,1,1,何草不黄,黃,4,234-a
234,2,1,1,何日不行,行,4,234-a
234,3,1,2,何人不将,將,4,234-a
234,4,1,2,经营四方,方,4,234-a
234,5,2,1,何草不玄,玄,4,234-a
234,6,2,1,何人不矜,矜,4,234-a
234,7,2,2,哀我征夫,,,
234,8,2,2,独为匪民,民,4,234-a
234,9,3,1,匪兕匪虎,虎,4,234-a
234,10,3,1,率彼旷野,野,4,234-a
234,11,3,2,哀我征夫,夫,4,234-a
234,12,3,2,朝夕不暇,暇,4,234-a
234,13,4,1,有芃者狐,狐,4,234-a
234,14,4,1,率彼幽草,草,4,234-b
234,15,4,2,有栈之车,車,4,234-a
234,16,4,2,行彼周道,道,4,234-b
235,1,1,1,文王在上,,,
235,2,1,1,于昭于天,天,4,235-a
235,3,1,2,周虽旧邦,,,
235,4,1,2,其命维新,新,4,235-a
235,5,1,3,有周不显,,,
235,6,1,3,帝命不时,時,4,235-b
235,7,1,4,文王陟降,,,
235,8,1,4,在帝左右,右,4,235-b
235,9,2,1,亹亹文王,,,
235,10,2,1,令闻不已,已,4,235-a
235,11,2,2,陈锡哉周,,,
235,12,2,2,侯文王孙子,子,5,235-a
235,13,2,3,文王孙子,子,4,235-a
235,14,2,3,本支百世,世,4,235-b
235,15,2,4,凡周之士,,,
235,16,2,4,不显亦世,世,4,235-b
235,17,3,1,世之不显,,,
235,18,3,1,厥犹翼翼,翼翼,3 4,235-a|235-a
235,19,3,2,思皇多士,,,
235,20,3,2,生此王国,國,4,235-a
235,21,3,3,王国克生,生,4,235-b
235,22,3,3,维周之桢,楨,4,235-b
235,23,3,4,济济多士,,,
235,24,3,4,文王以宁,寧,4,235-b
235,25,4,1,穆穆文王,,,
235,26,4,1,于缉熙敬止,止,5,235-a
235,27,4,2,假哉天命,,,
235,28,4,2,有商孙子,子,4,235-a
235,29,4,3,商之孙子,,,
235,30,4,3,其丽不亿,億,4,235-b
235,31,4,4,上帝既命,,,
235,32,4,4,侯于周服,服,4,235-b
235,33,5,1,侯服于周,,,
235,34,5,1,天命靡常,常,4,235-a
235,35,5,2,殷士肤敏,,,
235,36,5,2,祼将于京,京,4,235-a
235,37,5,3,厥作祼将,,,
235,38,5,3,常服黼冔,冔,4,235-b
235,39,5,4,王之荩臣,,,
235,40,5,4,无念尔祖,祖,4,235-b
235,41,6,1,无念尔祖,,,
235,42,6,1,聿修厥德,德,4,235-a
235,43,6,2,永言配命,,,
235,44,6,2,自求多福,福,4,235-a
235,45,6,3,殷之未丧师,,,
235,46,6,3,克配上帝,帝,4,235-b
235,47,6,4,宜鉴于殷,,,
235,48,6,4,骏命不易,易,4,235-b
235,49,7,1,命之不易,,,
235,50,7,1,无遏尔躬,躬,4,235-a
235,51,7,2,宣昭义问,,,
235,52,7,2,有虞殷自天,天,5,235-a
235,53,7,3,上天之载,,,
235,54,7,3,无声无臭,臭,4,235-a
235,55,7,4,仪刑文王,,,
235,56,7,4,万邦作孚,孚,4,235-a
236,1,1,1,明明在下,,,
236,2,1,1,赫赫在上,上,4,236-a
236,3,1,2,天难忱斯,,,
236,4,1,2,不易维王,王,4,236-a
236,5,1,3,天位殷适,,,
236,6,1,3,使不挟四方,方,5,236-a
236,7,2,1,挚仲氏任,,,
236,8,2,1,自彼殷商,商,4,236-a
236,9,2,1,来嫁于周,,,
236,10,2,1,曰嫔于京,京,4,236-a
236,11,2,2,乃及王季,,,
236,12,2,2,维德之行,行,4,236-a
236,13,2,3,大任有身,,,
236,14,2,3,生此文王,王,4,236-a
236,15,3,1,维此文王,,,
236,16,3,1,小心翼翼,翼,4,236-a
236,17,3,2,昭事上帝,,,
236,18,3,2,聿怀多福,福,4,236-a
236,19,3,3,厥德不回,,,
236,20,3,3,以受方国,國,4,236-a
236,21,4,1,天监在下,,,
236,22,4,1,有命既集,集,4,236-a
236,23,4,2,文王初载,,,
236,24,4,2,天作之合,合,4,236-a
236,25,4,3,在洽之阳,,,
236,26,4,3,在渭之涘,涘,4,236-b
236,27,4,4,文王嘉止,止,4,236-b
236,28,4,4,大邦有子,子,4,236-b
236,29,5,1,大邦有子,,,
236,30,5,1,伣天之妹,妹,4,236-a
236,31,5,2,文定厥祥,,,
236,32,5,2,亲迎于渭,渭,4,236-a
236,33,5,3,造舟为梁,梁,4,236-b
236,34,5,3,不顾其光,光,4,236-b
236,35,6,1,有命自天,天,4,236-a
236,36,6,1,命此文王,王,4,236-b
236,37,6,2,于周于京,京,4,236-b
236,38,6,2,缵女维莘,莘,4,236-a
236,39,6,3,长子维行,行,4,236-b
236,40,6,3,笃生武王,王,4,236-b
236,41,6,4,保右命尔,,,
236,42,6,4,燮伐大商,商,4,236-b
236,43,7,1,殷商之旅,旅,4,236-a
236,44,7,1,其会如林,林,4,236-b
236,45,7,2,矢于牧野,野,4,236-a
236,46,7,2,维予侯兴,興,4,236-b
236,47,7,3,上帝临女,女,4,236-a
236,48,7,3,无贰尔心,心,4,236-b
236,49,8,1,牧野洋洋,洋,4,236-a
236,50,8,1,檀车煌煌,煌,4,236-a
236,51,8,1,驷彭彭,彭彭,3 4,236-a|236-a
236,52,8,2,维师尚父,,,
236,53,8,2,时维鹰扬,揚,4,236-a
236,54,8,2,凉彼武王,王,4,236-a
236,55,8,2,肆伐大商,商,4,236-a
236,56,8,3,会朝清明,明,4,236-a
237,1,1,1,绵绵瓜瓞,瓞,4,237-a
237,2,1,2,民之初生,,,
237,3,1,2,自土沮漆,漆,4,237-a
237,4,1,3,古公亶父,,,
237,5,1,3,陶父陶穴,穴,4,237-a
237,6,1,3,未有家室,室,4,237-a
237,7,2,1,古公亶父,父,4,237-a
237,8,2,1,来朝走马,馬,4,237-a
237,9,2,2,率西水浒,滸,4,237-a
237,10,2,2,至于岐下,下,4,237-a
237,11,2,3,爰及姜女,女,4,237-a
237,12,2,3,聿来胥宇,宇,4,237-a
237,13,3,1,周原膴膴,膴,4,237-a
237,14,3,1,菫茶如饴,飴,4,237-a
237,15,3,2,爰始爰谋,謀,4,237-a
237,16,3,2,爰契我龟,龜,4,237-a
237,17,3,3,曰止曰时,時,4,237-a
237,18,3,3,筑室于兹,茲,4,237-a
237,19,4,1,迺慰迺止,止,4,237-a
237,20,4,1,迺左迺右,右,4,237-a
237,21,4,2,迺疆迺理,理,4,237-a
237,22,4,2,迺宣迺亩,畝,4,237-a
237,23,4,3,自西徂东,,,
237,24,4,3,周爰执事,事,4,237-a
237,25,5,1,乃召司空,,,
237,26,5,1,乃召司徒,徒,4,237-a
237,27,5,1,俾立室家,家,4,237-a
237,28,5,2,其绳则直,直,4,237-b
237,29,5,2,缩版以载,載,4,237-b
237,30,5,2,作庙翼翼,翼翼,3 4,237-b|237-b
237,31,6,1,救之陾陾,陾,4,237-a
237,32,6,1,度之薨薨,薨,4,237-a
237,33,6,2,筑之登登,登登,3 4,237-a|237-a
237,34,6,2,削屡冯冯,馮馮,3 4,237-a|237-a
237,35,6,3,百堵皆兴,興,4,237-a
237,36,6,3,鼛鼓弗胜,勝,4,237-a
237,37,7,1,迺立皋门,,,
237,38,7,1,皋门有伉,伉,4,237-a
237,39,7,2,迺立应门,,,
237,40,7,2,应门将将,將,4,237-a
237,41,7,3,迺立冢土,,,
237,42,7,3,戎丑攸行,行,4,237-a
237,43,8,1,肆不殄厥愠,殄慍,3 5,237-a|237-b
237,44,8,1,亦不陨厥问,隕問,3 5,237-a|237-b
237,45,8,2,柞棫拔矣,拔,3,237-c
237,46,8,2,行道兑矣,兌,3,237-c
237,47,8,3,混夷駾矣,駾,3,237-c
237,48,8,3,维其喙矣,喙,3,237-c
237,49,9,1,虞芮质厥成,成,5,237-a
237,50,9,1,文王蹶厥生,生,5,237-a
237,51,9,2,予曰有疏附,附,5,237-b
237,52,9,2,予曰有先后,後,5,237-b
237,53,9,2,予曰有奔奏,奏,5,237-b
237,54,9,2,予曰有御侮,侮,5,237-b
238,1,1,1,芃芃棫朴,,,
238,2,1,2,薪之槱之,槱,3,238-a
238,3,1,3,济济辟王,,,
238,4,1,4,左右趣之,趣,3,238-a
238,5,2,1,济济辟王,王,4,238-a
238,6,2,2,左右奉璋,璋,4,238-a
238,7,2,3,奉璋峨峨,峨,4,238-b
238,8,2,4,髦士攸宜,宜,4,238-b
238,9,3,1,淠彼泾舟,,,
238,10,3,2,烝徒楫之,楫,3,238-a
238,11,3,3,周王于迈,,,
238,12,3,4,六师及之,及,3,238-a
238,13,4,1,倬彼云汉,,,
238,14,4,2,为章于天,天,4,238-a
238,15,4,3,周王寿考,,,
238,16,4,4,遐不作人,人,4,238-a
238,17,5,1,追琢其章,章,4,238-a
238,18,5,2,金玉其相,相,4,238-a
238,19,5,3,勉勉我王,王,4,238-a
238,20,5,4,纲纪四方,方,4,238-a
239,1,1,1,瞻彼早麓,,,
239,2,1,1,榛楛济济,濟,4,239-a
239,3,1,2,岂弟君子,,,
239,4,1,2,于禄岂弟,弟,4,239-a
239,5,2,1,瑟彼玉瓒,,,
239,6,2,1,黄流在中,中,4,239-a
239,7,2,2,其弟君子,,,
239,8,2,2,福禄攸降,降,4,239-a
239,9,3,1,鸢飞戾天,天,4,239-a
239,10,3,1,鱼跃于渊,淵,4,239-a
239,11,3,2,岂弟君子,,,
239,12,3,2,遐不作人,人,4,239-a
239,13,4,1,清酒既载,載,4,239-a
239,14,4,1,骍牡既备,備,4,239-a
239,15,4,2,以享以祀,祀,4,239-a
239,16,4,2,以介景福,福,4,239-a
239,17,5,1,瑟彼柞棫,,,
239,18,5,1,民所燎矣,燎,3,239-a
239,19,5,2,岂弟君子,,,
239,20,5,2,神所劳矣,勞,3,239-a
239,21,6,1,莫莫葛藟,,,
239,22,6,1,施于条枚,枚,4,239-a
239,23,6,2,岂弟君子,,,
239,24,6,2,求福不回,回,4,239-a
240,1,1,1,思齐大任,,,
240,2,1,1,文王之母,母,4,240-a
240,3,1,1,思媚周姜,,,
240,4,1,1,京室之妇,婦,4,240-a
240,5,1,2,大姒嗣徽音,音,5,240-b
240,6,1,2,则百斯男,男,4,240-b
240,7,2,1,惠于宗公,公,4,240-a
240,8,2,1,神罔时怨,,,
240,9,2,1,神罔时恫,恫,4,240-a
240,10,2,2,刑于寡妻,妻,4,240-b
240,11,2,2,至于兄弟,弟,4,240-b
240,12,2,2,以御于家邦,邦,5,240-a
240,13,3,1,雝雝在宫,宮,4,240-a
240,14,3,1,肃肃在庙,廟,4,240-b
240,15,3,2,不显亦临,臨,4,240-a
240,16,3,2,无射亦保,保,4,240-b
240,17,4,1,肆戎疾不殄,,,
240,18,4,1,烈假不瑕,,,
240,19,4,2,不闻亦式,式,4,240-a
240,20,4,2,不谏亦入,入,4,240-a
240,21,4,3,肆成人有德,,,
240,22,4,3,小子有造,造,4,240-b
240,23,4,4,古之人无斁,,,
240,24,4,4,誉髦斯士,士,4,240-b
241,1,1,1,皇矣上帝,,,
241,2,1,1,临下有赫,赫,4,241-a
241,3,1,2,监观四方,,,
241,4,1,2,求民之莫,莫,4,241-a
241,5,1,3,维此二国,,,
241,6,1,3,其政不获,獲,4,241-a
241,7,1,4,维彼四国,,,
241,8,1,4,爰究爰度,度,4,241-a
241,9,1,5,上帝耆之,,,
241,10,1,5,憎其式廓,廓,4,241-a
241,11,1,6,乃眷西顾,,,
241,12,1,6,止维与宅,宅,4,241-a
241,13,2,1,作之屏之,屏,3,241-a
241,14,2,1,其菑其翳,翳,4,241-b
241,15,2,2,修之平之,平,3,241-a
241,16,2,2,其灌其栵,栵,4,241-b
241,17,2,3,启之辟之,辟,3,241-c
241,18,2,3,其柽其椐,椐,4,241-d
241,19,2,4,攘之剔之,剔,3,241-c
241,20,2,4,其其柘,柘,3,241-d
241,21,2,5,帝迁明德,,,
241,22,2,5,串夷载路,路,4,241-d
241,23,2,6,天立厥配,,,
241,24,2,6,受命既固,固,4,241-d
241,25,3,1,帝省其山,,,
241,26,3,1,柞棫斯拔,拔,4,241-a
241,27,3,1,松柏斯兑,兌,4,241-a
241,28,3,2,帝作邦作对,對,5,241-b
241,29,3,2,自大伯王季,季,5,241-b
241,30,3,3,维此王季,季,4,241-b
241,31,3,3,因心则友,,,
241,32,3,4,则友其兄,兄,4,241-c
241,33,3,4,则笃其庆,慶,4,241-c
241,34,3,5,载锡之光,光,4,241-c
241,35,3,5,受禄无丧,喪,4,241-c
241,36,3,5,奄有四方,方,4,241-c
241,37,4,1,维此王季,,,
241,38,4,1,帝度其心,心,4,241-a
241,39,4,1,貊其德音,音,4,241-a
241,40,4,2,其德克明,,,
241,41,4,2,克明克类,,,
241,42,4,2,克长克君,,,
241,43,4,3,王此大邦,,,
241,44,4,3,克顺克比,,,
241,45,4,4,比于文王,,,
241,46,4,4,其德靡悔,悔,4,241-b
241,47,4,5,既受帝祉,祉,4,241-b
241,48,4,5,施于孙子,子,4,241-b
241,49,5,1,帝谓文王,,,
241,50,5,1,无然畔援,援,4,241-a
241,51,5,1,无然歆羡,羨,4,241-a
241,52,5,1,诞先登于岸,岸,5,241-a
241,53,5,2,密人不恭,恭,4,241-b
241,54,5,2,敢距大邦,邦,4,241-b
241,55,5,2,侵阮徂共,共,4,241-b
241,56,5,3,王赫斯怒,怒,4,241-c
241,57,5,3,爰整其旅,旅,4,241-c
241,58,5,3,以按徂旅,旅,4,241-c
241,59,5,3,以笃于周祜,祜,5,241-c
241,60,5,3,以对于天下,下,5,241-c
241,61,6,1,依其在京,京,4,241-a
241,62,6,1,侵自阮疆,疆,4,241-a
241,63,6,1,陟我高冈,岡,4,241-a
241,64,6,2,无矢我陵,,,
241,65,6,2,我陵我阿,阿,4,241-b
241,66,6,3,无饮我泉,泉,4,241-c
241,67,6,3,我泉我池,池,4,241-b
241,68,6,4,度其鲜原,原,4,241-c
241,69,6,4,居歧之阳,陽,4,241-a
241,70,6,4,在渭之将,將,4,241-a
241,71,6,5,万邦之方,方,4,241-a
241,72,6,5,下民之王,王,4,241-a
241,73,7,1,帝谓文王,,,
241,74,7,1,予怀明德,德,4,241-a
241,75,7,1,不大声以色,色,5,241-a
241,76,7,1,不长夏以革,革,5,241-a
241,77,7,2,不识不知,,,
241,78,7,2,顺帝之则,則,4,241-a
241,79,7,3,帝谓文王,王,4,241-b
241,80,7,3,询尔仇方,方,4,241-b
241,81,7,3,同尔兄弟,,,
241,82,7,3,以尔钩援,,,
241,83,7,3,与尔临冲,衝,4,241-c
241,84,7,3,以我崇墉,墉,4,241-c
241,85,8,1,临冲闲闲,閑閑,3 4,241-a|241-a
241,86,8,1,崇墉言言,言言,3 4,241-a|241-a
241,87,8,2,执讯连连,連連,3 4,241-a|241-a
241,88,8,2,攸馘安安,安安,3 4,241-a|241-a
241,89,8,3,是类是祃,,,
241,90,8,3,是致是附,附,4,241-b
241,91,8,4,四方以无侮,侮,5,241-b
241,92,8,5,临冲茀茀,茀茀,3 4,241-c|241-c
241,93,8,5,崇墉仡仡,仡仡,3 4,241-c|241-c
241,94,8,6,是伐是肆,肆,4,241-c
241,95,8,6,是绝是忽,忽,4,241-c
241,96,8,7,四方以无拂,拂,5,241-c
242,1,1,1,经始灵台,,,
242,2,1,1,经之营之,營,3,242-a
242,3,1,2,庶民攻之,,,
242,4,1,2,不日成之,成,3,242-a
242,5,2,1,经始勿亟,亟,4,242-a
242,6,2,1,庶民子来,來,4,242-a
242,7,2,2,王在灵囿,囿,4,242-a
242,8,2,2,麀鹿攸伏,伏,4,242-a
242,9,3,1,麀鹿濯濯,濯濯,3 4,242-a|242-a
242,10,3,1,白鸟翯翯,翯翯,3 4,242-a|242-a
242,11,3,2,王在灵沼,沼,4,242-a
242,12,3,2,于牣鱼跃,躍,4,242-a
242,13,4,1,虡业维枞,樅,4,242-a
242,14,4,1,贲鼓维镛,鏞,4,242-a
242,15,4,2,于论鼓钟,鍾,4,242-a
242,16,4,2,于乐辟廱,廱,4,242-a
242,17,5,1,于论鼓钟,鍾,4,242-a
242,18,5,1,于乐辟廱,廱,4,242-a
242,19,5,2,鼍鼓逢逢,逢,4,242-a
242,20,5,2,朦瞍奏公,公,4,242-a
243,1,1,1,下武维周,,,
243,2,1,1,世有哲王,王,4,243-a
243,3,1,2,三后在天,,,
243,4,1,2,王配于京,京,4,243-a
243,5,2,1,王配于京,,,
243,6,2,1,世德作求,求,4,243-a
243,7,2,2,永言配命,,,
243,8,2,2,成王之孚,孚,4,243-a
243,9,3,1,成王之孚,,,
243,10,3,1,下土之式,式,4,243-a
243,11,3,2,永言考思,,,
243,12,3,2,考思维则,則,4,243-a
243,13,4,1,媚兹一人,,,
243,14,4,1,应侯顺德,德,4,243-a
243,15,4,2,永言考思,,,
243,16,4,2,昭哉嗣服,服,4,243-a
243,17,5,1,昭兹来许,許,4,243-a
243,18,5,1,绳其祖武,武,4,243-a
243,19,5,2,于万斯年,,,
243,20,5,2,受天之祜,祜,4,243-a
243,21,6,1,受天之祜,,,
243,22,6,1,四方来贺,賀,4,243-a
243,23,6,2,于万斯年,,,
243,24,6,2,不遐有佐,佐,4,243-a
244,1,1,1,文王有声,聲,4,244-a
244,2,1,1,遹骏有声,聲,4,244-a
244,3,1,2,遹求厥宁,寧,4,244-a
244,4,1,2,遹观厥成,成,4,244-a
244,5,1,3,文王烝哉,,,
244,6,2,1,文王受命,,,
244,7,2,1,有此武功,功,4,244-a
244,8,2,2,既伐于崇,崇,4,244-a
244,9,2,2,作邑于丰,豐,4,244-a
244,10,2,3,文王烝哉,,,
244,11,3,1,筑城伊淢,,,
244,12,3,1,作丰伊匹,匹,4,244-a
244,13,3,2,匪棘其欲,,,
244,14,3,2,遹追来孝,孝,4,244-b
244,15,3,3,王后烝哉,,,
244,16,4,1,王公伊濯,,,
244,17,4,1,为丰之垣,垣,4,244-a
244,18,4,2,四方攸同,,,
244,19,4,2,王后维翰,翰,4,244-a
244,20,4,3,王后烝哉,,,
244,21,5,1,丰水东注,,,
244,22,5,1,维禹之绩,績,4,244-a
244,23,5,2,四方攸同,,,
244,24,5,2,皇王维辟,辟,4,244-a
244,25,5,3,皇王烝哉,,,
244,26,6,1,镐京辟廱,廱,4,244-a
244,27,6,2,自西自东,東,4,244-a
244,28,6,2,自南自北,北,4,244-b
244,29,6,2,无思不服,服,4,244-b
244,30,6,3,皇王烝哉,,,
244,31,7,1,考卜维王,王,4,244-a
244,32,7,1,宅是镐京,京,4,244-a
244,33,7,2,维龟正之,正,3,244-b
244,34,7,2,武王成之,成,3,244-b
244,35,7,3,武王烝哉,,,
244,36,8,1,丰水有芑,芑,4,244-a
244,37,8,1,武王岂不仕,仕,5,244-a
244,38,8,2,诒厥孙谋,謀,4,244-b
244,39,8,2,以燕翼子,子,4,244-b
244,40,8,3,武王烝哉,,,
244,41,10,1,生民之什,,,
245,1,1,1,厥初生民,,,
245,2,1,1,时维姜嫄,,,
245,3,1,2,生民如何,,,
245,4,1,2,克禋克祀,祀,4,245-a
245,5,1,2,以弗无子,子,4,245-a
245,6,1,3,履帝武敏歆,敏,4,245-a
245,7,1,3,攸介攸止,止,4,245-a
245,8,1,3,载震载夙,夙,4,245-b
245,9,1,3,载生载育,育,4,245-b
245,10,1,3,时维后稷,稷,4,245-b
245,11,2,1,诞弥厥月,月,4,245-a
245,12,2,1,先生如达,達,4,245-a
245,13,2,1,不坼不副,,,
245,14,2,1,无菑无害,害,4,245-a
245,15,2,2,以赫厥灵,靈,4,245-b
245,16,2,2,上帝不宁,寧,4,245-b
245,17,2,2,不康禋祀,祀,4,245-c
245,18,2,2,居然生子,子,4,245-c
245,19,3,1,诞寘之隘巷,,,
245,20,3,1,牛羊腓字之,字,4,245-a
245,21,3,2,诞寘之平林,林,5,245-b
245,22,3,2,会伐平林,林,4,245-b
245,23,3,3,诞寘之寒冰,冰,5,245-b
245,24,3,3,鸟覆翼之,翼,3,245-a
245,25,3,4,鸟乃去矣,去,3,245-c
245,26,3,4,后稷呱矣,呱,3,245-c
245,27,4,1,实覃实,訏,4,245-a
245,28,4,1,厥声载路,路,4,245-a
245,29,4,2,诞实匍匐,匐,4,245-b
245,30,4,2,克歧克嶷,嶷,4,245-b
245,31,4,2,以就口食,食,4,245-b
245,32,4,3,蓺之荏菽,,,
245,33,4,3,荏菽旆旆,旆旆,3 4,245-c|245-c
245,34,4,3,禾役穟穟,穟穟,3 4,245-c|245-c
245,35,4,3,麻麦幪幪,幪幪,3 4,245-d|245-d
245,36,4,3,瓜瓞唪唪,唪唪,3 4,245-d|245-d
245,37,5,1,诞后稷之穑,,,
245,38,5,1,有相之道,道,4,245-a
245,39,5,2,茀厥丰草,草,4,245-a
245,40,5,2,种之黄茂,茂,4,245-a
245,41,5,3,实方实苞,苞,4,245-a
245,42,5,3,实种实褎,褎,4,245-a
245,43,5,3,实发实秀,秀,4,245-a
245,44,5,3,实坚实好,好,4,245-a
245,45,5,3,实颖实栗,栗,4,245-b
245,46,5,4,即有邰家室,室,5,245-b
245,47,6,1,诞降嘉种,,,
245,48,6,1,维秬维秠,秠,4,245-a
245,49,6,1,维穈维芑,芑,4,245-a
245,50,6,2,恒之秬秠,秠,4,245-a
245,51,6,2,是获是亩,畝,4,245-a
245,52,6,3,恒之穈芑,芑,4,245-a
245,53,6,3,是任是负,負,4,245-a
245,54,6,4,以归肇祀,祀,4,245-a
245,55,7,1,诞我祀如何,,,
245,56,7,2,或舂或揄,揄,4,245-a
245,57,7,2,或簸或蹂,蹂,4,245-a
245,58,7,3,释之叟叟,叟叟,3 4,245-a|245-a
245,59,7,3,烝之浮浮,浮浮,3 4,245-a|245-a
245,60,7,4,载谋载惟,惟,4,245-b
245,61,7,4,取萧祭脂,脂,4,245-b
245,62,7,4,取羝以,軷,4,245-c
245,63,7,5,载燔载烈,烈,4,245-c
245,64,7,5,以兴嗣岁,歲,4,245-c
245,65,8,1,卬盛于豆,,,
245,66,8,1,于豆于登,登,4,245-a
245,67,8,2,其香始升,升,4,245-a
245,68,8,2,上帝居歆,歆,4,245-c
245,69,8,3,胡臭亶时,時,4,245-b
245,70,8,3,后稷肇祀,祀,4,245-b
245,71,8,3,庶无罪悔,悔,4,245-b
245,72,8,3,以迄于今,今,4,245-c
246,1,1,1,敦彼行苇,葦,4,246-a
246,2,1,2,牛羊勿践履,履,5,246-a
246,3,1,3,方苞方体,體,4,246-a
246,4,1,4,维叶泥泥,泥,4,246-a
246,5,1,5,戚戚兄弟,弟,4,246-a
246,6,1,6,莫远具尔,爾,4,246-a
246,7,1,7,或肆之筵,,,
246,8,1,8,或受之几,几,4,246-a
246,9,2,1,肆筵设席,席,4,246-a
246,10,2,2,授几有缉御,御,5,246-a
246,11,2,3,或献或酢,酢,4,246-a
246,12,2,4,洗爵奠斝,斝,4,246-a
246,13,2,5,醓醢以荐,,,
246,14,2,6,或燔或炙,炙,4,246-a
246,15,2,7,嘉殽脾臄,臄,4,246-a
246,16,2,8,或歌或咢,咢,4,246-a
246,17,3,1,敦弓既坚,堅,4,246-a
246,18,3,2,四既钧,鈞,4,246-a
246,19,3,3,舍矢既均,均,4,246-a
246,20,3,4,序宾以贤,賢,4,246-a
246,21,3,5,敦弓既句,句,4,246-b
246,22,3,6,既挟四,鍭,4,246-b
246,23,3,7,四如树,樹,4,246-b
246,24,3,8,序宾以不侮,侮,5,246-b
246,25,4,1,曾孙维主,主,4,246-a
246,26,4,2,酒醴维醹,醹,4,246-a
246,27,4,3,酌以大斗,斗,4,246-a
246,28,4,4,以祈黄耇,耇,4,246-a
246,29,4,5,黄耇台背,背,4,246-b
246,30,4,6,以引以翼,翼,4,246-b
246,31,4,7,寿考维祺,祺,4,246-b
246,32,4,8,以介景福,福,4,246-b
247,1,1,1,既醉以酒,,,
247,2,1,1,既饱以德,德,4,247-a
247,3,1,2,君子万年,,,
247,4,1,2,介尔景福,福,4,247-a
247,5,2,1,既醉以酒,,,
247,6,2,1,尔殽既将,將,4,247-a
247,7,2,2,君子万年,,,
247,8,2,2,介尔昭明,明,4,247-a
247,9,3,1,昭明有融,融,4,247-a
247,10,3,1,高朗令终,終,4,247-a
247,11,3,2,令终有俶,俶,4,247-b
247,12,3,2,公尺嘉告,告,4,247-b
247,13,4,1,其告维何,何,4,247-a
247,14,4,1,笾豆静嘉,嘉,4,247-a
247,15,4,2,朋友攸摄,,,
247,16,4,2,摄以威仪,儀,4,247-a
247,17,5,1,威仪孔时,時,4,247-a
247,18,5,1,君子有孝子,子,5,247-a
247,19,5,2,孝子不匮,匱,4,247-b
247,20,5,2,永锡尔类,類,4,247-b
247,21,6,1,其类维何,,,
247,22,6,1,室家之壸,壼,4,247-a
247,23,6,2,君子万年,,,
247,24,6,2,永锡祚胤,胤,4,247-a
247,25,7,1,其胤维何,,,
247,26,7,1,天被尔禄,祿,4,247-a
247,27,7,2,君子万年,,,
247,28,7,2,景命有仆,僕,4,247-a
247,29,8,1,其仆维何,,,
247,30,8,1,厘尔女士,士,4,247-a
247,31,8,2,厘尔女士,士,4,247-a
247,32,8,2,从以孙子,子,4,247-a
248,1,1,1,凫鹥在泾,涇,4,248-a
248,2,1,1,公尺来燕来宁,寧,6,248-a
248,3,1,2,尔酒既清,清,4,248-a
248,4,1,2,尔殽既馨,馨,4,248-a
248,5,1,2,公尺燕饮,,,
248,6,1,2,福禄来成,成,4,248-a
248,7,2,1,凫鹥在沙,沙,4,248-a
248,8,2,1,公尺来燕来宜,宜,6,248-a
248,9,2,2,尔酒既多,多,4,248-a
248,10,2,2,尔殽既嘉,嘉,4,248-a
248,11,2,2,公尺燕饮,,,
248,12,2,2,福禄来为,為,4,248-a
248,13,3,1,凫鹥在渚,渚,4,248-a
248,14,3,1,公尺来燕来处,處,6,248-a
248,15,3,2,尔酒既湑,湑,4,248-a
248,16,3,2,尔殽伊脯,脯,4,248-a
248,17,3,2,公尺燕饮,,,
248,18,3,2,福禄来下,下,4,248-a
248,19,4,1,凫鹥在潀,潀,4,248-a
248,20,4,1,公尺来燕来宗,宗,6,248-a
248,21,4,2,既燕于宗,宗,4,248-a
248,22,4,2,福禄攸降,降,4,248-a
248,23,4,3,公尺燕饮,,,
248,24,4,3,福禄来崇,崇,4,248-a
248,25,5,1,凫鹥在亹,亹,4,248-a
248,26,5,1,公尺来止熏熏,熏熏,5 6,248-a|248-a
248,27,5,2,旨酒欣欣,欣欣,3 4,248-a|248-a
248,28,5,2,燔炙芬芬,芬芬,3 4,248-a|248-a
248,29,5,2,公尺燕饮,,,
248,30,5,2,无有后艰,艱,4,248-a
249,1,1,1,假乐君子,子,4,249-a
249,2,1,1,显显令德,德,4,249-a
249,3,1,2,宜民宜人,人,4,249-b
249,4,1,2,受禄于天,天,4,249-b
249,5,1,3,保右命之,命,3,249-c
249,6,1,3,自天申之,申,3,249-c
249,7,2,1,干禄百福,福,4,249-a
249,8,2,1,子孙千亿,億,4,249-a
249,9,2,2,穆穆皇皇,皇皇,3 4,249-b|249-b
249,10,2,2,宜君宜王,王,4,249-b
249,11,2,3,不愆不忘,忘,4,249-b
249,12,2,3,率由旧章,章,4,249-b
249,13,3,1,威仪抑抑,抑抑,3 4,249-a|249-a
249,14,3,1,德音秩秩,秩秩,3 4,249-a|249-a
249,15,3,2,无怨无恶,惡,4,249-a
249,16,3,2,率由群匹,匹,4,249-a
249,17,3,3,受福无疆,疆,4,249-b
249,18,3,3,四方之纲,綱,4,249-b
249,19,4,1,之纲之纪,紀,4,249-a
249,20,4,1,燕及朋友,友,4,249-a
249,21,4,2,百辟卿士,士,4,249-a
249,22,4,2,媚于天子,子,4,249-a
249,23,4,3,不解于位,位,4,249-a
249,24,4,3,民之攸塈,塈,4,249-a
250,1,1,1,笃公刘,,,
250,2,1,1,匪居匪康,康,4,250-a
250,3,1,1,迺埸迺疆,疆,4,250-a
250,4,1,1,迺机迺仓,倉,4,250-a
250,5,1,2,迺裹糇粮,糧,4,250-a
250,6,1,2,于橐于囊,囊,4,250-a
250,7,1,2,思辑用光,光,4,250-a
250,8,1,3,弓矢斯张,張,4,250-a
250,9,1,3,干戈戚扬,揚,4,250-a
250,10,1,3,爰方启行,行,4,250-a
250,11,2,1,笃公刘,,,
250,12,2,1,于胥斯原,原,4,250-a
250,13,2,1,既庶既繁,繁,4,250-a
250,14,2,1,既顺迺宣,宣,4,250-a
250,15,2,1,而无永叹,歎,4,250-a
250,16,2,2,陟则在,巘,4,250-a
250,17,2,2,复降在原,原,4,250-a
250,18,2,3,何以舟之,,,
250,19,2,3,维玉及瑶,瑤,4,250-b
250,20,2,3,鞞琫容刀,刀,4,250-b
250,21,3,1,笃公刘,,,
250,22,3,1,逝彼百泉,泉,4,250-a
250,23,3,1,瞻彼溥原,原,4,250-a
250,24,3,2,迺陟南冈,岡,4,250-b
250,25,3,2,乃觏于京,京,4,250-b
250,26,3,3,京师之野,野,4,250-c
250,27,3,3,于时处处,處處,3 4,250-c|250-c
250,28,3,3,于时庐旅,旅,4,250-c
250,29,3,3,于时言言,,,
250,30,3,3,于时语语,語語,3 4,250-c|250-c
250,31,4,1,笃公刘,,,
250,32,4,1,于京斯依,依,4,250-a
250,33,4,2,跄跄济济,濟濟,3 4,250-a|250-a
250,34,4,2,俾筵俾几,几,4,250-a
250,35,4,3,既登乃依,依,4,250-a
250,36,4,4,乃造其曹,曹,4,250-b
250,37,4,4,执豕于牢,牢,4,250-b
250,38,4,4,酌之用匏,匏,4,250-b
250,39,4,5,食之饮之,飲,3,250-c
250,40,4,5,君之宗之,宗,3,250-c
250,41,5,1,笃公刘,,,
250,42,5,1,既溥既长,長,4,250-a
250,43,5,1,既景迺冈,岡,4,250-a
250,44,5,1,相其阴阳,陽,4,250-a
250,45,5,1,观其流泉,泉,4,250-b
250,46,5,1,其军三单,單,4,250-b
250,47,5,2,度其隰原,原,4,250-b
250,48,5,2,彻田为粮,糧,4,250-a
250,49,5,3,度其夕阳,陽,4,250-a
250,50,5,3,豳居允荒,荒,4,250-a
250,51,6,1,笃公刘,,,
250,52,6,1,于豳斯馆,館,4,250-a
250,53,6,2,涉渭为乱,亂,4,250-a
250,54,6,2,取厉取锻,鍛,4,250-a
250,55,6,3,止基迺理,理,4,250-b
250,56,6,3,爰众爰有,有,4,250-b
250,57,6,4,夹其皇涧,澗,4,250-c
250,58,6,4,溯其过涧,澗,4,250-c
250,59,6,5,止旅迺密,密,4,250-d
250,60,6,5,芮鞫之即,即,4,250-d
251,1,1,1,泂酌彼行潦,,,
251,2,1,1,挹彼注兹,茲,4,251-a
251,3,1,1,可以饙饎,饎,4,251-a
251,4,1,2,岂弟君子,子,4,251-a
251,5,1,2,民之父母,母,4,251-a
251,6,2,1,泂酌彼行潦,,,
251,7,2,1,挹彼注兹,茲,4,251-a
251,8,2,1,可以濯罍,罍,4,251-b
251,9,2,2,岂弟君子,子,4,251-a
251,10,2,2,民之攸归,歸,4,251-b
251,11,3,1,洞酌彼行潦,,,
251,12,3,1,挹彼注兹,茲,4,251-a
251,13,3,1,可以濯溉,溉,4,251-b
251,14,3,2,岂弟君子,子,4,251-a
251,15,3,2,民之攸塈,塈,4,251-b
252,1,1,1,有卷者阿,阿,4,252-a
252,2,1,1,飘风自南,南,4,252-b
252,3,1,2,岂弟君子,,,
252,4,1,2,来游来歌,歌,4,252-a
252,5,1,2,以矢其音,音,4,252-b
252,6,2,1,伴奂尔游矣,游,4,252-a
252,7,2,1,优游尔休矣,休,4,252-a
252,8,2,2,岂弟君子,,,
252,9,2,2,俾尔弥尔性,,,
252,10,2,2,似先公酋矣,酋,4,252-a
252,11,3,1,尔土宇昄章,,,
252,12,3,1,亦孔之厚矣,厚,4,252-a
252,13,3,2,岂弟君子,,,
252,14,3,2,俾尔弥尔性,,,
252,15,3,2,百神尔主矣,主,4,252-a
252,16,4,1,尔受命长矣,長,4,252-a
252,17,4,1,茀禄尔康矣,康,4,252-a
252,18,4,2,岂弟君子,,,
252,19,4,2,俾尔弥尔性,,,
252,20,4,2,纯嘏尔常矣,常,4,252-a
252,21,5,1,有冯有翼,翼,4,252-a
252,22,5,1,有孝有德,德,4,252-a
252,23,5,1,以引以翼,翼,4,252-a
252,24,5,2,岂弟君子,,,
252,25,5,2,四方为则,則,4,252-a
252,26,6,1,颙颙卬卬,卬卬,3 4,252-a|252-a
252,27,6,1,如圭如璋,璋,4,252-a
252,28,6,1,令闻令望,望,4,252-a
252,29,6,2,岂弟君子,,,
252,30,6,2,四方为纲,綱,4,252-a
252,31,7,1,凤凰于飞,,,
252,32,7,1,翙翙其羽,翽翽,1 2,252-a|252-a
252,33,7,1,亦集爰止,止,4,252-b
252,34,7,2,蔼蔼王多吉士,藹藹士,1 2 6,252-a|252-a|252-b
252,35,7,2,维君子使,使,4,252-b
252,36,7,2,媚于天子,子,4,252-b
252,37,8,1,凤凰于飞,,,
252,38,8,1,翙翙其羽,翽翽,1 2,252-a|252-a
252,39,8,1,亦傅于天,天,4,252-b
252,40,8,2,蔼蔼王多吉人,藹藹人,1 2 6,252-a|252-a|252-b
252,41,8,2,维君子命,命,4,252-b
252,42,8,2,媚于庶人,人,4,252-b
252,43,9,1,凤凰鸣矣,鳴,3,252-a
252,44,9,1,于彼高冈,岡,4,252-b
252,45,9,2,梧桐生矣,生,3,252-a
252,46,9,2,于彼朝阳,陽,4,252-b
252,47,9,3,菶菶萋萋,萋萋,3 4,252-c|252-c
252,48,9,3,雝雝喈喈,喈喈,3 4,252-c|252-c
252,49,10,1,君子之车,車,4,252-a
252,50,10,1,既庶且多,多,4,252-b
252,51,10,2,君子之马,馬,4,252-a
252,52,10,2,既闲且驰,馳,4,252-b
252,53,10,3,矢诗不多,多,4,252-b
252,54,10,3,维以遂歌,歌,4,252-b
253,1,1,1,民亦劳止,,,
253,2,1,1,汔可小康,康,4,253-a
253,3,1,2,惠此中国,,,
253,4,1,2,以绥四方,方,4,253-a
253,5,1,3,无纵诡随,,,
253,6,1,3,以谨无良,良,4,253-a
253,7,1,4,式遏寇虐,,,
253,8,1,4,憯不畏明,明,4,253-a
253,9,1,5,柔远能迩,,,
253,10,1,5,以定我王,王,4,253-a
253,11,2,1,民亦劳止,,,
253,12,2,1,汔可小休,休,4,253-a
253,13,2,2,惠此中国,,,
253,14,2,2,以为民逑,逑,4,253-a
253,15,2,3,无纵诡随,,,
253,16,2,3,以谨惛怓,怓,4,253-a
253,17,2,4,式遏寇虐,,,
253,18,2,4,无俾民忧,憂,4,253-a
253,19,2,5,无弃尔劳,,,
253,20,2,5,以为王休,休,4,253-a
253,21,3,1,民亦劳止,,,
253,22,3,1,汔可小息,息,4,253-a
253,23,3,2,惠此京师,,,
253,24,3,2,以绥四国,國,4,253-a
253,25,3,3,无纵诡随,,,
253,26,3,3,以谨罔极,極,4,253-a
253,27,3,4,式遏寇虐,,,
253,28,3,4,无俾作慝,慝,4,253-a
253,29,3,5,敬慎威仪,,,
253,30,3,5,以近有德,德,4,253-a
253,31,4,1,民亦劳止,,,
253,32,4,1,汔可小愒,愒,4,253-a
253,33,4,2,惠此中国,,,
253,34,4,2,俾民忧泄,泄,4,253-a
253,35,4,3,无纵诡随,,,
253,36,4,3,以谨丑厉,厲,4,253-a
253,37,4,4,式遏寇虐,,,
253,38,4,4,无俾正败,敗,4,253-a
253,39,4,5,戎虽小子,,,
253,40,4,5,而式弘大,大,4,253-a
253,41,5,1,民亦劳止,,,
253,42,5,1,汔可小安,安,4,253-a
253,43,5,2,惠此中国,,,
253,44,5,2,国无有残,殘,4,253-a
253,45,5,3,无纵诡随,,,
253,46,5,3,以谨缱绻,綣,4,253-a
253,47,5,4,式遏寇虐,,,
253,48,5,4,无俾正反,反,4,253-a
253,49,5,5,王欲玉女,,,
253,50,5,5,是用大谏,諫,4,253-a
254,1,1,1,上帝板板,板,4,254-a
254,2,1,1,下民卒瘅,癉,4,254-a
254,3,1,2,出话不然,然,4,254-a
254,4,1,2,为犹不远,遠,4,254-a
254,5,1,3,靡圣管管,管,4,254-a
254,6,1,3,不实于亶,亶,4,254-a
254,7,1,4,犹之未远,遠,4,254-a
254,8,1,4,是用大谏,諫,4,254-a
254,9,2,1,天之方难,難,4,254-a
254,10,2,1,无然宪宪,憲憲,3 4,254-a|254-a
254,11,2,2,天之方蹶,蹶,4,254-b
254,12,2,2,无然泄泄,泄泄,3 4,254-b|254-b
254,13,2,3,辞之辑矣,輯,3,254-c
254,14,2,3,民之冾矣,冾,3,254-c
254,15,2,4,辞之怿矣,懌,3,254-d
254,16,2,4,民之莫矣,莫,3,254-d
254,17,3,1,我虽异事,,,
254,18,3,1,及尔同寮,寮,4,254-a
254,19,3,2,我即而谋,,,
254,20,3,2,听我嚣嚣,囂,4,254-a
254,21,3,3,我言维服,,,
254,22,3,3,勿以为笑,笑,4,254-a
254,23,3,4,先民有言,,,
254,24,3,4,询于刍荛,蕘,4,254-a
254,25,4,1,天之方虐,虐,4,254-a
254,26,4,1,无然谑谑,謔謔,3 4,254-a|254-a
254,27,4,2,老夫灌灌,,,
254,28,4,2,小子,蹻蹻,3 4,254-a|254-a
254,29,4,3,匪我言耄,耄,4,254-a
254,30,4,3,尔用忧谑,謔,4,254-a
254,31,4,4,多将熇熇,熇熇,3 4,254-a|254-a
254,32,4,4,不可救药,藥,4,254-a
254,33,5,1,天之方懠,懠,4,254-a
254,34,5,1,无为夸毗,毗,4,254-a
254,35,5,2,威仪卒迷,迷,4,254-a
254,36,5,2,善人载尸,尸,4,254-a
254,37,5,3,民之方殿屎,屎,5,254-a
254,38,5,3,则莫我敢葵,葵,5,254-a
254,39,5,4,丧乱蔑资,資,4,254-a
254,40,5,4,曾莫惠我师,師,5,254-a
254,41,6,1,天之牖民,,,
254,42,6,1,如埙如篪,篪,4,254-a
254,43,6,2,如璋如圭,圭,4,254-a
254,44,6,2,如取如携,攜,4,254-a
254,45,6,3,携无日益,益,4,254-b
254,46,6,3,牖民孔易,易,4,254-b
254,47,6,4,民之多辟,辟,4,254-b
254,48,6,4,无自立辟,辟,4,254-b
254,49,7,1,价人维藩,藩,4,254-a
254,50,7,1,大师维垣,垣,4,254-a
254,51,7,2,大邦维屏,屏,4,254-b
254,52,7,2,大宗维翰,翰,4,254-a
254,53,7,3,怀德维宁,寧,4,254-b
254,54,7,3,宗子维城,城,4,254-b
254,55,7,4,无俾城坏,壞,4,254-c
254,56,7,4,无独斯畏,畏,4,254-c
254,57,8,1,敬天之怒,怒,4,254-a
254,58,8,1,无敢戏豫,豫,4,254-a
254,59,8,2,敬天之渝,渝,4,254-b
254,60,8,2,无敢驰驱,驅,4,254-b
254,61,8,3,昊天曰明,明,4,254-c
254,62,8,3,及尔出王,王,4,254-c
254,63,8,4,昊天曰旦,旦,4,254-d
254,64,8,4,及尔游衍,衍,4,254-d
254,65,10,1,荡之什,,,
255,1,1,1,荡荡上帝,帝,4,255-a
255,2,1,1,下民之辟,辟,4,255-a
255,3,1,2,疾威上帝,帝,4,255-a
255,4,1,2,其命多辟,辟,4,255-a
255,5,1,3,天生烝民,,,
255,6,1,3,其命匪谌,諶,4,255-b
255,7,1,4,靡不有初,,,
255,8,1,4,鲜克有终,有,3,255-b
255,9,2,1,文王曰咨,,,
255,10,2,1,咨女殷商,,,
255,11,2,2,曾是彊御,,,
255,12,2,2,曾是掊克,克,4,255-a
255,13,2,3,曾是在位,,,
255,14,2,3,曾是在服,服,4,255-a
255,15,2,4,天降慆德,德,4,255-a
255,16,2,4,女兴是力,力,4,255-a
255,17,3,1,文王曰咨,,,
255,18,3,1,咨女殷商,,,
255,19,3,2,而秉义类,類,4,255-a
255,20,3,2,彊御多怼,懟,4,255-a
255,21,3,3,流言以对,對,4,255-a
255,22,3,3,寇攘式内,內,4,255-a
255,23,3,4,侯作侯祝,祝,4,255-b
255,24,3,4,靡届靡究,究,4,255-b
255,25,4,1,文王曰咨,,,
255,26,4,1,咨女殷商,,,
255,27,4,2,女炰烋于中国,國,6,255-a
255,28,4,2,敛怨以为德,德,5,255-a
255,29,4,3,不明尔德,德,4,255-a
255,30,4,3,时无背无侧,側,5,255-a
255,31,4,4,尔德不明,明,4,255-b
255,32,4,4,以无陪无卿,卿,5,255-b
255,33,5,1,文王曰咨,,,
255,34,5,1,咨女殷商,,,
255,35,5,2,天不湎尔以酒,,,
255,36,5,2,不义从式,式,4,255-a
255,37,5,3,既愆尔止,止,4,255-a
255,38,5,3,靡明靡晦,晦,4,255-a
255,39,5,4,式号式呼,呼,4,255-b
255,40,5,4,俾昼作夜,夜,4,255-b
255,41,6,1,文王曰咨,,,
255,42,6,1,咨女殷商,商,4,255-a
255,43,6,2,如蜩如螗,螗,4,255-a
255,44,6,2,如沸如羹,羹,4,255-a
255,45,6,3,小大近丧,喪,4,255-a
255,46,6,3,人尚乎由行,行,5,255-a
255,47,6,4,内奰于中国,,,
255,48,6,4,覃及鬼方,方,4,255-a
255,49,7,1,文王曰咨,,,
255,50,7,1,咨女殷商,,,
255,51,7,2,匪上帝不时,時,5,255-a
255,52,7,2,殷不用旧,舊,4,255-a
255,53,7,3,虽无老成人,,,
255,54,7,3,尚有典刑,刑,4,255-b
255,55,7,4,曾是莫听,聽,4,255-b
255,56,7,4,大命以倾,傾,4,255-b
255,57,8,1,文王曰咨,,,
255,58,8,1,咨女殷商,,,
255,59,8,2,人亦有言,,,
255,60,8,2,颠沛之揭,揭,4,255-a
255,61,8,3,枝叶未有害,害,5,255-a
255,62,8,3,本实先拨,撥,4,255-a
255,63,8,4,殷鉴不远,,,
255,64,8,4,在夏后之世,世,5,255-a
256,1,1,1,抑抑威仪,,,
256,2,1,1,维德之隅,隅,4,256-a
256,3,1,2,人亦有言,,,
256,4,1,2,靡哲不愚,愚,4,256-a
256,5,1,3,庶人之愚,,,
256,6,1,3,亦职维疾,疾,4,256-b
256,7,1,4,哲人之愚,,,
256,8,1,4,亦维斯戾,戾,4,256-b
256,9,2,1,无竞维人,,,
256,10,2,1,四方其训之,訓,4,256-a
256,11,2,2,有觉德行,,,
256,12,2,2,四国顺之,順,3,256-a
256,13,2,3,谟定命,,,
256,14,2,3,远犹辰告,告,4,256-b
256,15,2,4,敬慎威仪,,,
256,16,2,4,维民之则,則,4,256-b
256,17,3,1,其在于今,,,
256,18,3,1,兴迷乱于政,政,5,256-a
256,19,3,2,颠覆厥德,,,
256,20,3,2,荒湛于酒,酒,4,256-b
256,21,3,3,女虽湛乐从,,,
256,22,3,3,弗念厥绍,紹,4,256-b
256,23,3,4,罔敷求先王,,,
256,24,3,4,克共明刑,刑,4,256-a
256,25,4,1,肆皇天弗尚,尚,5,256-a
256,26,4,1,如彼泉流,,,
256,27,4,1,无沦胥以亡,亡,5,256-a
256,28,4,2,夙兴夜寐,寐,4,256-a
256,29,4,2,洒扫廷内,,,
256,30,4,2,维民之章,章,4,256-a
256,31,4,3,修尔车马,馬,4,256-b
256,32,4,3,弓矢戎兵,兵,4,256-a
256,33,4,4,用戒戎作,作,4,256-b
256,34,4,4,用逖蛮方,方,4,256-a
256,35,5,1,质尔人民,,,
256,36,5,1,谨尔侯度,度,4,256-a
256,37,5,1,用戒不虞,虞,4,256-a
256,38,5,2,慎尔出话,,,
256,39,5,2,敬尔威仪,儀,4,256-b
256,40,5,2,无不柔嘉,嘉,4,256-b
256,41,5,3,白圭之玷,,,
256,42,5,3,尚可磨也,磨,3,256-c
256,43,5,4,斯言之玷,,,
256,44,5,4,不可为也,為,3,256-c
256,45,6,1,无易由言,,,
256,46,6,1,无日苟矣,,,
256,47,6,2,莫扪朕舌,舌,4,256-a
256,48,6,2,言不可逝矣,逝,4,256-a
256,49,6,3,无言不雠,讎,4,256-b
256,50,6,3,无德不报,報,4,256-b
256,51,6,4,惠于朋友,友,4,256-c
256,52,6,4,庶民小子,子,4,256-c
256,53,6,4,子孙绳绳,繩繩,3 4,256-d|256-d
256,54,6,4,万民靡不承,承,5,256-d
256,55,7,1,视尔友君子,,,
256,56,7,1,辑柔尔颜,顏,4,256-a
256,57,7,1,不遐有愆,愆,4,256-a
256,58,7,2,相在尔室,,,
256,59,7,2,尚不愧于屋漏,漏,6,256-b
256,60,7,3,无曰不显,,,
256,61,7,3,莫予云觏,覯,4,256-b
256,62,7,4,神之格思,格,3,256-c
256,63,7,4,不可度思,思,4,256-c
256,64,7,4,矧可射思,射,3,256-c
256,65,8,1,辟尔为德,,,
256,66,8,1,俾藏俾嘉,嘉,4,256-a
256,67,8,2,淑慎尔止,,,
256,68,8,2,不愆于仪,儀,4,256-a
256,69,8,3,不僭不贼,賊,4,256-b
256,70,8,3,鲜不为则,則,4,256-b
256,71,8,4,投我以桃,,,
256,72,8,4,报之以李,李,4,256-c
256,73,8,5,彼童而角,,,
256,74,8,5,实虹小子,子,4,256-c
256,75,9,1,荏染柔木,,,
256,76,9,1,言缗之丝,絲,4,256-a
256,77,9,2,温温恭人,,,
256,78,9,2,维德之基,基,4,256-a
256,79,9,3,其维哲人,,,
256,80,9,3,告之话言,,,
256,81,9,3,顺德之行,,,
256,82,9,4,其维愚人,,,
256,83,9,4,覆谓我僭,僭,4,256-b
256,84,9,5,民各有心,心,4,256-b
256,85,10,1,于乎小子,子,4,256-a
256,86,10,1,未知藏否,否,4,256-a
256,87,10,2,匪手携之,,,
256,88,10,2,言示之事,事,4,256-a
256,89,10,3,匪面命之,,,
256,90,10,3,言提其耳,耳,4,256-a
256,91,10,4,借日未知,,,
256,92,10,4,亦既抱子,子,4,256-a
256,93,10,5,民之靡盈,盈,4,256-b
256,94,10,5,谁夙知而莫成,成,6,256-b
256,95,11,1,昊天孔昭,昭,4,256-a
256,96,11,1,我生靡乐,樂,4,256-a
256,97,11,2,视尔梦梦,,,
256,98,11,2,我心惨惨,,,
256,99,11,3,诲尔谆谆,,,
256,100,11,3,听我藐藐,藐藐,3 4,256-a|256-a
256,101,11,4,匪用为教,教,4,256-a
256,102,11,4,覆用为虐,虐,4,256-a
256,103,11,5,借日未知,,,
256,104,11,5,亦聿既耄,耄,4,256-a
256,105,12,1,于乎小子,子,4,256-a
256,106,12,1,告尔旧止,止,4,256-a
256,107,12,2,听用我谋,謀,4,256-a
256,108,12,2,庶无大悔,悔,4,256-a
256,109,12,3,天方艰难,難,4,256-b
256,110,12,3,日丧厥国,國,4,256-c
256,111,12,4,取譬不远,遠,4,256-b
256,112,12,4,昊天不忒,忒,4,256-c
256,113,12,5,回遹其德,德,4,256-c
256,114,12,5,俾民大棘,棘,4,256-c
257,1,1,1,菀彼桑柔,柔,4,257-a
257,2,1,1,其下侯旬,旬,4,257-b
257,3,1,2,捋采其刘,劉,4,257-a
257,4,1,2,瘼此下民,民,4,257-b
257,5,1,3,不殄心忧,憂,4,257-a
257,6,1,3,仓兄填兮,填,3,257-b
257,7,1,4,倬彼昊天,天,4,257-b
257,8,1,4,宁不我矜,矜,4,257-b
257,9,2,1,四牡骙骙,騤,4,257-a
257,10,2,1,旟旐有翩,翩,4,257-b
257,11,2,2,乱生不夷,夷,4,257-a
257,12,2,2,靡国不泯,泯,4,257-b
257,13,2,3,民靡有黎,黎,4,257-a
257,14,2,3,具祸以烬,燼,4,257-b
257,15,2,4,于乎有哀,哀,4,257-a
257,16,2,4,国步斯频,頻,4,257-b
257,17,3,1,国步蔑资,,,
257,18,3,1,天不我将,將,4,257-a
257,19,3,2,靡所止疑,,,
257,20,3,2,云徂何往,往,4,257-a
257,21,3,3,君子实维,維,4,257-b
257,22,3,3,秉心无竞,競,4,257-a
257,23,3,4,谁生厉阶,階,4,257-b
257,24,3,4,至今为梗,梗,4,257-a
257,25,4,1,忧心慇慇,慇慇,3 4,257-a|257-a
257,26,4,1,念我土宇,宇,4,257-b
257,27,4,2,我生不辰,辰,4,257-a
257,28,4,2,逢天怒,怒,4,257-b
257,29,4,3,自西徂东,,,
257,30,4,3,靡所定处,處,4,257-b
257,31,4,4,多我觏痻,痻,4,257-a
257,32,4,4,孔棘我圉,圉,4,257-b
257,33,5,1,为谋为毖,毖,4,257-a
257,34,5,1,乱况斯削,削,4,257-b
257,35,5,2,告尔忧恤,恤,4,257-a
257,36,5,2,诲尔序爵,爵,4,257-b
257,37,5,3,谁能执热,熱,4,257-a
257,38,5,3,逝不以濯,濯,4,257-b
257,39,5,4,其何能淑,淑,4,257-b
257,40,5,4,载胥及溺,溺,4,257-b
257,41,6,1,如彼溯风,風,4,257-a
257,42,6,1,亦孔之僾,僾,4,257-b
257,43,6,2,民有肃心,心,4,257-a
257,44,6,2,荓云不逮,逮,4,257-b
257,45,6,3,好是稼穑,穡,4,257-c
257,46,6,3,力民代食,食,4,257-c
257,47,6,4,稼穑维宝,寶,4,257-d
257,48,6,4,代食维好,好,4,257-d
257,49,7,1,天降丧乱,,,
257,50,7,1,灭我立王,王,4,257-a
257,51,7,2,降此蟊贼,賊,4,257-b
257,52,7,2,稼穑卒痒,痒,4,257-a
257,53,7,3,哀恫中国,國,4,257-b
257,54,7,3,具赘卒荒,荒,4,257-a
257,55,7,4,靡有旅力,力,4,257-b
257,56,7,4,以念穹苍,蒼,4,257-a
257,57,8,1,维此惠君,,,
257,58,8,1,民人所瞻,瞻,4,257-a
257,59,8,2,秉心宣犹,,,
257,60,8,2,考慎其相,相,4,257-a
257,61,8,3,维彼不顺,,,
257,62,8,3,自独俾臧,臧,4,257-a
257,63,8,4,自有肺肠,腸,4,257-a
257,64,8,4,俾民卒狂,狂,4,257-a
257,65,9,1,瞻彼中林,林,4,257-a
257,66,9,1,甡甡其鹿,鹿,4,257-b
257,67,9,2,朋友已谮,譖,4,257-a
257,68,9,2,不胥以谷,穀,4,257-b
257,69,9,3,人亦有言,,,
257,70,9,3,进退维谷,谷,4,257-b
257,71,10,1,维此圣人,,,
257,72,10,1,瞻言百里,里,4,257-a
257,73,10,2,维彼愚人,,,
257,74,10,2,覆狂以喜,喜,4,257-a
257,75,10,3,匪言不能,能,4,257-a
257,76,10,3,胡斯畏忌,忌,4,257-a
257,77,11,1,维此良人,,,
257,78,11,1,弗求弗迪,迪,4,257-a
257,79,11,2,维彼忍心,,,
257,80,11,2,是顾是复,復,4,257-a
257,81,11,3,民之贪乱,,,
257,82,11,3,宁为荼毒,毒,4,257-a
257,83,12,1,大风有隧,,,
257,84,12,1,有空大谷,谷,4,257-a
257,85,12,2,维此良人,,,
257,86,12,2,作为式谷,穀,4,257-a
257,87,12,3,维彼不顺,,,
257,88,12,3,征以中垢,垢,4,257-a
257,89,13,1,大风有隧,隧,4,257-a
257,90,13,1,贪人败类,類,4,257-a
257,91,13,2,听言则对,對,4,257-a
257,92,13,2,诵言如醉,醉,4,257-a
257,93,13,3,匪用其良,,,
257,94,13,3,覆俾我悖,悖,4,257-a
257,95,14,1,嗟尔朋友,,,
257,96,14,1,予岂不知而作,作,6,257-a
257,97,14,2,如彼飞虫,,,
257,98,14,2,时亦弋获,獲,4,257-a
257,99,14,3,既之阴女,,,
257,100,14,3,反予来赫,赫,4,257-a
257,101,15,1,民之罔极,極,4,257-a
257,102,15,1,职凉善背,背,4,257-a
257,103,15,2,为民不利,,,
257,104,15,2,如云不克,克,4,257-a
257,105,15,3,民之回遹,,,
257,106,15,3,职竞用力,力,4,257-a
257,107,16,1,民之未戾,,,
257,108,16,1,职盗为寇,,,
257,109,16,2,凉曰不可,可,4,257-a
257,110,16,2,覆背善詈,詈,4,257-a
257,111,16,3,虽曰匪予,,,
257,112,16,3,既作尔歌,歌,4,257-a
258,1,1,1,倬彼云汉,,,
258,2,1,1,昭回于天,天,4,258-a
258,3,1,2,王曰于乎,,,
258,4,1,2,何辜今之人,人,5,258-a
258,5,1,3,天降丧乱,,,
258,6,1,3,饥馑荐臻,臻,4,258-a
258,7,1,4,靡神不举,,,
258,8,1,4,靡爱斯牲,牲,4,258-b
258,9,1,5,圭璧既卒,,,
258,10,1,5,宁莫我听,聽,4,258-b
258,11,2,1,旱既大甚,甚,4,258-a
258,12,2,1,蕴隆虫虫,蟲,4,258-a
258,13,2,2,不殄禋祀,,,
258,14,2,2,自郊徂宫,宮,4,258-a
258,15,2,3,上下尊瘗,,,
258,16,2,3,靡神不宗,宗,4,258-a
258,17,2,4,后稷不克,,,
258,18,2,4,上帝不临,臨,4,258-a
258,19,2,5,耗斁下土,,,
258,20,2,5,宁丁我躬,躬,4,258-a
258,21,3,1,旱既大甚,,,
258,22,3,1,则不可推,推,4,258-a
258,23,3,2,兢兢业业,,,
258,24,3,2,如霆如雷,雷,4,258-a
258,25,3,3,周余黎民,,,
258,26,3,3,靡有孑遗,遺,4,258-a
258,27,3,4,昊天上帝,,,
258,28,3,4,则我不遗,遺,4,258-a
258,29,3,5,胡不相畏,畏,4,258-a
258,30,3,5,先祖于摧,摧,4,258-a
258,31,4,1,旱既大甚,,,
258,32,4,1,则不可沮,沮,4,258-a
258,33,4,2,赫赫炎炎,,,
258,34,4,2,云我无所,所,4,258-a
258,35,4,3,大命近止,,,
258,36,4,3,靡瞻靡顾,顧,4,258-a
258,37,4,4,群公先正,,,
258,38,4,4,则不我助,助,4,258-a
258,39,4,5,父母先祖,祖,4,258-a
258,40,4,5,胡宁忍予,予,4,258-a
258,41,5,1,旱既大甚,,,
258,42,5,1,涤涤山川,川,4,258-a
258,43,5,2,旱魃为虐,,,
258,44,5,2,如惔如焚,焚,4,258-a
258,45,5,3,我心惮暑,,,
258,46,5,3,忧心如熏,熏,4,258-a
258,47,5,4,群公先正,,,
258,48,5,4,则不我闻,聞,4,258-a
258,49,5,5,昊天上帝,,,
258,50,5,5,宁俾我遁,遯,4,258-a
258,51,6,1,旱既大甚,,,
258,52,6,1,黾勉畏去,去,4,258-a
258,53,6,2,胡宁瘨我以旱,,,
258,54,6,2,憯不知其故,故,5,258-a
258,55,6,3,祈年孔夙,,,
258,56,6,3,方社不莫,莫,4,258-a
258,57,6,4,昊天上帝,,,
258,58,6,4,则我不虞,虞,4,258-a
258,59,6,5,敬恭明神,,,
258,60,6,5,宜无悔怒,怒,4,258-a
258,61,7,1,旱既大甚,,,
258,62,7,1,散无友纪,紀,4,258-a
258,63,7,2,鞫哉庶止,,,
258,64,7,2,疚哉冢宰,宰,4,258-a
258,65,7,3,趣马师氏,,,
258,66,7,3,膳夫左右,右,4,258-a
258,67,7,4,靡人不周,,,
258,68,7,4,无不能正,正,4,258-a
258,69,7,5,瞻卬昊天,,,
258,70,7,5,云如何里,里,4,258-a
258,71,8,1,瞻卬昊天,,,
258,72,8,1,有嘒其星,星,4,258-a
258,73,8,2,大夫君子,,,
258,74,8,2,昭假无赢,贏,4,258-a
258,75,8,3,大命近止,,,
258,76,8,3,无弃尔成,成,4,258-a
258,77,8,4,何求为我,,,
258,78,8,4,以戾庶正,正,4,258-a
258,79,8,5,瞻卬昊天,,,
258,80,8,5,曷惠其宁,寧,4,258-a
259,1,1,1,崧高维岳,,,
259,2,1,1,骏极于天,天,4,259-a
259,3,1,2,维岳降神,神,4,259-a
259,4,1,2,生甫及申,申,4,259-a
259,5,1,3,维申及甫,,,
259,6,1,3,维周之翰,翰,4,259-b
259,7,1,4,四国于蕃,蕃,4,259-b
259,8,1,4,四方于宣,宣,4,259-b
259,9,2,1,亹亹申伯,,,
259,10,2,1,王缵之事,事,4,259-a
259,11,2,2,于邑于谢,,,
259,12,2,2,南国是式,式,4,259-a
259,13,2,3,王命召伯,伯,4,259-b
259,14,2,3,定申伯之宅,宅,5,259-b
259,15,2,4,登是南邦,邦,4,259-c
259,16,2,4,世执其功,功,4,259-c
259,17,3,1,王命申伯,,,
259,18,3,1,式是南邦,邦,4,259-a
259,19,3,2,因是谢人,,,
259,20,3,2,以作尔庸,庸,4,259-a
259,21,3,3,王命召伯,,,
259,22,3,3,彻申伯土田,田,5,259-b
259,23,3,4,王命傅御,,,
259,24,3,4,迁其私人,人,4,259-b
259,25,4,1,申伯之功,,,
259,26,4,1,召伯是营,營,4,259-a
259,27,4,2,有俶其城,城,4,259-a
259,28,4,2,寝庙既成,成,4,259-a
259,29,4,3,既成藐藐,,,
259,30,4,3,王锡申伯,伯,4,259-b
259,31,4,4,四牡,蹻,4,259-a
259,32,4,4,钩膺濯濯,濯,4,259-b
259,33,5,1,王遣申伯,,,
259,34,5,1,路车乘马,馬,4,259-a
259,35,5,2,我图尔居,,,
259,36,5,2,莫如南土,土,4,259-a
259,37,5,3,锡尔介圭,,,
259,38,5,3,以作尔宝,寶,4,259-b
259,39,5,4,往近王舅,舅,4,259-b
259,40,5,4,南土是保,保,4,259-b
259,41,6,1,申伯信迈,,,
259,42,6,1,王饯于郿,郿,4,259-a
259,43,6,2,申伯还南,,,
259,44,6,2,谢于诚归,歸,4,259-a
259,45,6,3,王命召伯,,,
259,46,6,3,彻申伯土疆,疆,5,259-b
259,47,6,4,以峙其粻,粻,4,259-b
259,48,6,4,式遄其行,行,4,259-b
259,49,7,1,申伯番番,番番,3 4,259-a|259-a
259,50,7,1,既入于谢,,,
259,51,7,1,徒御啴啴,嘽嘽,3 4,259-a|259-a
259,52,7,2,周邦咸喜,,,
259,53,7,2,戎有良翰,翰,4,259-a
259,54,7,3,不显申伯,,,
259,55,7,3,王之元舅,,,
259,56,7,3,文武是宪,憲,4,259-a
259,57,8,1,申伯之德,德,4,259-a
259,58,8,1,柔惠且直,直,4,259-a
259,59,8,2,揉此万邦,,,
259,60,8,2,闻于四国,國,4,259-a
259,61,8,3,吉甫作诵,,,
259,62,8,3,其诗孔硕,碩,4,259-b
259,63,8,3,其风肆好,,,
259,64,8,3,以赠申伯,伯,4,259-b
260,1,1,1,天生烝民,,,
260,2,1,1,有物有则,則,4,260-a
260,3,1,2,民之秉彝,,,
260,4,1,2,好是懿德,德,4,260-a
260,5,1,3,天监有周,,,
260,6,1,3,昭假于下,下,4,260-b
260,7,1,3,保兹天子,,,
260,8,1,3,生仲山甫,甫,4,260-b
260,9,2,1,仲山甫之德,德,5,260-a
260,10,2,1,柔嘉维则,則,4,260-a
260,11,2,2,令仪令色,色,4,260-a
260,12,2,2,小心翼翼,翼翼,3 4,260-a|260-a
260,13,2,3,古训是式,式,4,260-a
260,14,2,3,威仪是力,力,4,260-a
260,15,2,3,天子是若,若,4,260-b
260,16,2,3,明命使赋,賦,4,260-b
260,17,3,1,王命仲山甫,,,
260,18,3,1,式是百辟,,,
260,19,3,2,缵戎祖考,考,4,260-a
260,20,3,2,王躬是保,保,4,260-a
260,21,3,3,出纳王命,,,
260,22,3,3,王之喉舌,舌,4,260-b
260,23,3,4,赋政于外,外,4,260-b
260,24,3,4,四方爰发,發,4,260-b
260,25,4,1,肃肃王命,,,
260,26,4,1,仲山甫将之,將,4,260-a
260,27,4,2,邦国若否,,,
260,28,4,2,仲山甫明之,明,4,260-a
260,29,4,3,既明且哲,,,
260,30,4,3,以保其身,身,4,260-b
260,31,4,4,夙夜匪解,,,
260,32,4,4,以事一人,人,4,260-b
260,33,5,1,人亦有言,,,
260,34,5,1,柔则茹之,茹,3,260-a
260,35,5,1,刚则吐之,吐,3,260-a
260,36,5,2,维仲山甫,甫,4,260-b
260,37,5,2,柔亦不茹,茹,4,260-b
260,38,5,2,刚亦不吐,吐,4,260-b
260,39,5,2,不侮矜寡,寡,4,260-b
260,40,5,2,不畏疆御,禦,4,260-b
260,41,6,1,人亦有言,,,
260,42,6,1,德如毛,,,
260,43,6,1,民鲜克举之,舉,4,260-a
260,44,6,2,我仪图之,圖,3,260-a
260,45,6,2,维仲山甫举之,舉,5,260-a
260,46,6,2,爱莫助之,助,3,260-a
260,47,6,3,衮职有阙,,,
260,48,6,3,维仲山甫补之,補,5,260-a
260,49,7,1,仲山甫出祖,,,
260,50,7,1,四牡业业,業業,3 4,260-a|260-a
260,51,7,1,征夫捷捷,捷捷,3 4,260-a|260-a
260,52,7,1,每怀靡及,及,4,260-a
260,53,7,2,四牡彭彭,彭彭,3 4,260-b|260-b
260,54,7,2,八鸾锵锵,鏘鏘,3 4,260-b|260-b
260,55,7,3,王命仲山甫,,,
260,56,7,3,城彼东方,方,4,260-b
260,57,8,1,四牡骙骙,騤騤,3 4,260-a|260-a
260,58,8,1,八鸾喈喈,喈喈,3 4,260-a|260-a
260,59,8,2,仲山甫徂齐,齊,5,260-a
260,60,8,2,式遄其归,歸,4,260-a
260,61,8,3,吉甫作诵,,,
260,62,8,3,穆如清风仲山甫永怀,風,4,260-b
260,63,8,3,以慰其心,心,4,260-b
261,1,1,1,奕奕梁山,,,
261,2,1,1,维禹甸之,甸,3,261-a
261,3,1,1,有倬其道,道,4,261-b
261,4,1,2,韩侯受命,命,4,261-a
261,5,1,2,王亲命之,,,
261,6,1,2,缵戎祖考,考,4,261-b
261,7,1,3,无废朕命,,,
261,8,1,3,夙夜匪解,解,4,261-c
261,9,1,4,虔共尔位,,,
261,10,1,4,朕命不易,易,4,261-c
261,11,1,5,干不庭方,,,
261,12,1,5,以佐戎辟,辟,4,261-c
261,13,2,1,四牡奕奕,,,
261,14,2,1,孔修且张,張,4,261-a
261,15,2,2,韩侯入觐,,,
261,16,2,2,以其介圭,,,
261,17,2,2,入觐于王,王,4,261-a
261,18,2,3,王锡韩侯,,,
261,19,2,3,淑旗绥章,章,4,261-a
261,20,2,4,簟茀错衡,衡,4,261-a
261,21,2,5,玄衮赤舄,,,
261,22,2,5,钩膺镂钖,鍚,4,261-a
261,23,2,5,鞹鞃浅幭,幭,4,261-b
261,24,2,5,鞗革金厄,厄,4,261-b
261,25,3,1,韩侯出祖,祖,4,261-a
261,26,3,1,出宿于屠,屠,4,261-a
261,27,3,2,显父饯之,,,
261,28,3,2,清酒百壶,壺,4,261-a
261,29,3,3,其殽维何,,,
261,30,3,3,炰鳖鲜鱼,魚,4,261-a
261,31,3,4,其蔌维何,,,
261,32,3,4,维笋及蒲,蒲,4,261-a
261,33,3,5,其赠维何,,,
261,34,3,5,乘马路车,車,4,261-a
261,35,3,6,笾豆有且,,,
261,36,3,6,侯氏燕胥,胥,4,261-a
261,37,4,1,韩侯取妻,,,
261,38,4,1,汾王之甥,,,
261,39,4,1,蹶父之子,子,4,261-a
261,40,4,2,韩侯迎止,止,4,261-a
261,41,4,2,于蹶之里,里,4,261-a
261,42,4,3,百两彭彭,彭,4,261-b
261,43,4,3,八鸾锵锵,鏘,4,261-b
261,44,4,3,不显其光,光,4,261-b
261,45,4,4,诸娣从之,,,
261,46,4,4,祁祁如云,雲,4,261-c
261,47,4,5,韩侯顾之,,,
261,48,4,5,烂其盈门,門,4,261-c
261,49,5,1,蹶父孔武,,,
261,50,5,1,靡国不到,到,4,261-a
261,51,5,2,为韩姞相攸,,,
261,52,5,2,莫如韩乐,樂,4,261-a
261,53,5,3,孔乐韩土,土,4,261-b
261,54,5,3,川泽,訏,4,261-b
261,55,5,3,鲂甫甫,甫甫,3 4,261-b|261-b
261,56,5,3,麀鹿噳噳,噳噳,3 4,261-b|261-b
261,57,5,3,有熊有罴,,,
261,58,5,3,有猫有虎,虎,4,261-b
261,59,5,4,庆既令居,居,4,261-c
261,60,5,4,韩姞燕誉,譽,4,261-c
261,61,6,1,溥彼韩城,,,
261,62,6,1,燕师所完,完,4,261-a
261,63,6,2,以先祖受命,,,
261,64,6,2,因时百蛮,蠻,4,261-a
261,65,6,3,王锡韩侯,,,
261,66,6,3,其追其貊,貊,4,261-b
261,67,6,3,奄受北国,,,
261,68,6,3,因以其伯,伯,4,261-b
261,69,6,4,实墉实壑,壑,4,261-b
261,70,6,4,实亩实藉,藉,4,261-b
261,71,6,4,献其貔皮,皮,4,261-c
261,72,6,4,赤豹黄罴,羆,4,261-c
262,1,1,1,江汉浮浮,浮浮,3 4,262-a|262-a
262,2,1,1,武夫滔滔,滔滔,3 4,262-a|262-a
262,3,1,2,匪安匪游,遊,4,262-a
262,4,1,2,淮夷来求,求,4,262-a
262,5,1,3,既出我车,車,4,262-b
262,6,1,3,既设我旟,旟,4,262-b
262,7,1,4,匪安匪舒,舒,4,262-b
262,8,1,4,淮夷来铺,鋪,4,262-b
262,9,2,1,江汉汤汤,湯湯,3 4,262-a|262-a
262,10,2,1,武夫洸洸,洸洸,3 4,262-a|262-a
262,11,2,2,经营四方,方,4,262-a
262,12,2,2,告成于王,王,4,262-a
262,13,2,3,四方既平,平,4,262-b
262,14,2,3,王国庶定,定,4,262-b
262,15,2,4,时靡有争,爭,4,262-b
262,16,2,4,王心载宁,寧,4,262-b
262,17,3,1,江汉之浒,滸,4,262-a
262,18,3,1,王命昭虎,虎,4,262-a
262,19,3,1,式辟四方,,,
262,20,3,1,彻我疆土,土,4,262-a
262,21,3,2,匪疚匪棘,棘,4,262-b
262,22,3,2,王国来极,極,4,262-b
262,23,3,3,于理于理,理,4,262-c
262,24,3,3,至于南海,海,4,262-c
262,25,4,1,王命昭虎,,,
262,26,4,1,来旬来宣,宣,4,262-a
262,27,4,2,文武受命,,,
262,28,4,2,召公维翰,翰,4,262-a
262,29,4,3,无曰予小子,子,5,262-b
262,30,4,3,召公是似,似,4,262-b
262,31,4,4,肇敏戎公,,,
262,32,4,4,用锡尔祉,祉,4,262-b
262,33,5,1,厘尔圭瓒,,,
262,34,5,1,鬯一卣,,,
262,35,5,2,告于文人,人,4,262-a
262,36,5,2,锡山土田,田,4,262-a
262,37,5,3,于周受命,命,4,262-a
262,38,5,3,自召祖命,命,4,262-a
262,39,5,4,虎拜稽首,首,4,262-a
262,40,5,4,天子万年,年,4,262-a
262,41,6,1,虎拜稽首,首,4,262-a
262,42,6,1,对扬王休,休,4,262-a
262,43,6,1,作召公考,考,4,262-a
262,44,6,1,天子万寿,壽,4,262-a
262,45,6,2,明明天子,子,4,262-b
262,46,6,2,令闻不已,已,4,262-b
262,47,6,2,矢其文德,德,4,262-c
262,48,6,2,洽此四国,國,4,262-c
263,1,1,1,赫赫明明,,,
263,2,1,1,王命卿士,,,
263,3,1,1,南仲大祖,祖,4,263-a
263,4,1,1,大师皇父,父,4,263-a
263,5,1,2,整我六师,,,
263,6,1,2,以修我戎,戎,4,263-b
263,7,1,3,既敬既戒,,,
263,8,1,3,惠此南国,國,4,263-b
263,9,2,1,王谓尹氏,,,
263,10,2,1,命程伯休父,父,5,263-a
263,11,2,2,左右陈行,,,
263,12,2,2,戒我师旅,旅,4,263-a
263,13,2,3,率彼淮浦,浦,4,263-a
263,14,2,3,省此徐土,土,4,263-a
263,15,2,4,不留不处,處,4,263-a
263,16,2,4,三事就绪,緒,4,263-a
263,17,3,1,赫赫业业,,,
263,18,3,1,有严天子,,,
263,19,3,2,王舒保作,,,
263,20,3,2,匪绍匪游,遊,4,263-a
263,21,3,2,徐方绎骚,騷,4,263-a
263,22,3,3,震惊徐方,,,
263,23,3,3,如雷如霆,霆,4,263-b
263,24,3,3,徐方震惊,驚,4,263-b
263,25,4,1,王奋厥武,武,4,263-a
263,26,4,1,如震如怒,怒,4,263-a
263,27,4,2,进厥虎臣,,,
263,28,4,2,阚如虓虎,虎,4,263-a
263,29,4,3,铺敦淮,,,
263,30,4,3,仍执丑虏,虜,4,263-a
263,31,4,4,截彼淮浦,浦,4,263-a
263,32,4,4,王师之所,所,4,263-a
263,33,5,1,王旅啴啴,嘽嘽,3 4,263-a|263-a
263,34,5,1,如飞如翰,翰,4,263-a
263,35,5,1,如江如汉,漢,4,263-a
263,36,5,1,如山之苞,苞,4,263-b
263,37,5,2,如川之流,流,4,263-b
263,38,5,2,绵绵翼翼,翼翼,3 4,263-c|263-c
263,39,5,2,不测不克,克,4,263-c
263,40,5,2,濯征徐国,國,4,263-c
263,41,6,1,王犹允塞,塞,4,263-a
263,42,6,1,徐方既来,來,4,263-a
263,43,6,2,徐方既同,同,4,263-b
263,44,6,2,天子之功,功,4,263-b
263,45,6,3,四方既平,平,4,263-c
263,46,6,3,徐方来庭,庭,4,263-c
263,47,6,4,徐方不回,回,4,263-d
263,48,6,4,王曰还归,歸,4,263-d
264,1,1,1,瞻卬昊天,天,4,264-a
264,2,1,1,则我不惠,惠,4,264-b
264,3,1,2,孔填不宁,寧,4,264-a
264,4,1,2,降此大厉,厲,4,264-b
264,5,1,3,邦靡有定,定,4,264-a
264,6,1,3,士民其瘵,瘵,4,264-b
264,7,1,4,蟊贼蟊疾,疾,4,264-b
264,8,1,4,靡有夷届,屆,4,264-b
264,9,1,5,罪罟不收,收,4,264-c
264,10,1,5,靡有夷瘳,瘳,4,264-c
264,11,2,1,人有土田,田,4,264-a
264,12,2,1,女反有之,,,
264,13,2,2,人有民人,人,4,264-a
264,14,2,2,女覆夺之,奪,3,264-b
264,15,2,3,此宜无罪,,,
264,16,2,3,女反收之,,,
264,17,2,4,彼宜有罪,,,
264,18,2,4,女覆说之,說,3,264-b
264,19,2,5,哲夫成城,成,3,264-c
264,20,2,5,哲妇倾城,傾,3,264-c
264,21,3,1,懿厥哲妇,,,
264,22,3,1,为枭为鸱,鴟,4,264-a
264,23,3,2,妇有长舌,,,
264,24,3,2,维厉之阶,階,4,264-a
264,25,3,3,乱匪降自天,天,5,264-b
264,26,3,3,生自妇人,婦,3,264-b
264,27,3,4,匪教匪诲,誨,4,264-c
264,28,3,4,时维妇寺,寺,4,264-c
264,29,4,1,鞫人忮忒,忒,4,264-a
264,30,4,1,谮始竟背,背,4,264-a
264,31,4,2,岂曰不极,極,4,264-a
264,32,4,2,伊胡为慝,慝,4,264-a
264,33,4,3,如贾三倍,倍,4,264-b
264,34,4,3,君子是识,識,4,264-a
264,35,4,4,妇无公事,事,4,264-b
264,36,4,4,休其蚕织,織,4,264-a
264,37,5,1,天何以刺,刺,4,264-a
264,38,5,1,何神不富,富,4,264-b
264,39,5,2,舍尔介狄,狄,4,264-a
264,40,5,2,维予胥忌,忌,4,264-b
264,41,5,3,不吊不祥,祥,4,264-c
264,42,5,3,威仪不类,類,4,264-d
264,43,5,4,人之云亡,亡,4,264-c
264,44,5,4,邦国殄瘁,瘁,4,264-d
264,45,6,1,天之降罔,罔,4,264-a
264,46,6,1,维其优矣,優,3,264-b
264,47,6,2,人之云亡,亡,4,264-a
264,48,6,2,心之忧矣,憂,3,264-b
264,49,6,3,天之降罔,罔,4,264-a
264,50,6,3,维其几矣,幾,3,264-c
264,51,6,4,人之云亡,亡,4,264-a
264,52,6,4,心之悲矣,悲,3,264-c
264,53,7,1,觱沸槛泉,,,
264,54,7,1,维其深矣,深,3,264-a
264,55,7,2,心之忧矣,,,
264,56,7,2,宁自今矣,今,3,264-a
264,57,7,3,不自我先,,,
264,58,7,3,不自我后,後,4,264-b
264,59,7,4,藐藐昊天,,,
264,60,7,4,无不克巩,鞏,4,264-b
264,61,7,5,无忝皇祖,,,
264,62,7,5,式救尔后,後,4,264-b
265,1,1,1,旻天疾威,,,
265,2,1,1,天笃降丧,喪,4,265-a
265,3,1,2,瘨我饥馑,,,
265,4,1,2,民卒流亡,亡,4,265-a
265,5,1,3,我居圉卒荒,荒,5,265-a
265,6,2,1,天降罪罟,,,
265,7,2,1,蟊贼内讧,訌,4,265-a
265,8,2,1,昏椓靡共,共,4,265-a
265,9,2,2,溃溃回遹,,,
265,10,2,2,实靖夷我邦,邦,5,265-a
265,11,3,1,皋皋訿訿,,,
265,12,3,1,曾不知其玷,玷,5,265-a
265,13,3,2,兢兢业业,,,
265,14,3,2,孔填不宁,,,
265,15,3,2,我位孔贬,貶,4,265-a
265,16,4,1,如彼岁旱,,,
265,17,4,1,草不溃茂,茂,4,265-a
265,18,4,2,如彼栖苴,,,
265,19,4,3,我相此邦,,,
265,20,4,3,无不溃止,止,4,265-a
265,21,5,1,维昔之富,富,4,265-a
265,22,5,1,不如时,時,3,265-b
265,23,5,1,维今之疚,疚,4,265-a
265,24,5,1,不如兹,茲,3,265-b
265,25,5,2,彼疏斯粺,,,
265,26,5,2,胡不自替,替,4,265-c
265,27,5,2,职兄斯引,引,4,265-c
265,28,6,1,池之竭矣,竭,3,265-a
265,29,6,1,不云自频,,,
265,30,6,2,泉之竭矣,竭,3,265-a
265,31,6,2,不云自中,中,4,265-b
265,32,6,3,溥斯害矣,害,3,265-a
265,33,6,3,职兄斯弘,弘,4,265-b
265,34,6,3,不灾我躬,躬,4,265-b
265,35,7,1,昔先王受命,,,
265,36,7,1,有如召公,,,
265,37,7,1,日辟国百里,里,5,265-a
265,38,7,2,今也日蹙国百里,里,7,265-a
265,39,7,3,于乎哀哉,哉,4,265-a
265,40,7,3,维今之人,,,
265,41,7,3,不尚有旧,舊,4,265-a
266,1,1,1,于穆清庙,,,
266,2,1,1,肃雝显相,,,
266,3,1,2,济济多士,,,
266,4,1,2,秉文之德,,,
266,5,1,3,对越在天,,,
266,6,1,3,骏奔走在庙,,,
266,7,1,4,不显不承,,,
266,8,1,4,无射于人斯,,,
267,1,1,1,维天之命,,,
267,2,1,1,于穆不已,,,
267,3,1,2,于乎不显,,,
267,4,1,2,文王之德之纯,,,
267,5,1,3,假以溢我,,,
267,6,1,3,我其收之,收,3,267-a
267,7,1,4,骏惠我文王,,,
267,8,1,4,曾孙笃之,篤,3,267-a
268,1,1,1,维清缉熙,,,
268,2,1,1,文王之典,,,
268,3,1,2,肇禋,禋,2,268-a
268,4,1,2,迄用有成,成,4,268-a
268,5,1,2,维周之祯,禎,4,268-a
269,1,1,1,烈文辟公,公,4,269-a
269,2,1,1,锡兹祉福,,,
269,3,1,2,惠我无疆,疆,4,269-a
269,4,1,2,子孙保之,,,
269,5,1,3,无封靡于尔邦,邦,6,269-a
269,6,1,3,维王其崇之,,,
269,7,1,4,念兹戎功,功,4,269-a
269,8,1,4,继序其皇之,皇,4,269-a
269,9,1,5,无竞维人,人,4,269-b
269,10,1,5,四方其训之,訓,4,269-b
269,11,1,6,不显维德,,,
269,12,1,6,百辟其刑之,刑,4,269-b
269,13,1,7,于乎前王不忘,,,
270,1,1,1,天作高山,,,
270,2,1,1,大王荒之,荒,3,270-a
270,3,1,2,彼作矣,,,
270,4,1,2,文王康之,康,3,270-a
270,5,1,3,彼徂矣岐,,,
270,6,1,3,有夷之行,行,4,270-a
270,7,1,3,子孙保之,,,
271,1,1,1,昊天有成命,,,
271,2,1,1,二后受之,,,
271,3,1,2,成王不敢康,,,
271,4,1,2,夙夜基命宥密,,,
271,5,1,3,于缉熙,,,
271,6,1,3,单厥心,,,
271,7,1,4,肆其靖之,,,
272,1,1,1,我将我享,,,
272,2,1,1,维羊维牛,,,
272,3,1,1,维天其右之,,,
272,4,1,2,仪式刑文王之典,,,
272,5,1,2,日靖四方,方,4,272-a
272,6,1,3,伊嘏文王,王,4,272-a
272,7,1,3,既右飨享之,饗,3,272-a
272,8,1,4,我其夙夜,,,
272,9,1,4,畏天之威,,,
272,10,1,4,于时保之,,,
273,1,1,1,时迈其邦,,,
273,2,1,1,昊天其子之,,,
273,3,1,2,实右序有周,,,
273,4,1,3,薄言震之,,,
273,5,1,3,莫不震叠,,,
273,6,1,4,怀柔百神,,,
273,7,1,4,及河乔岳,,,
273,8,1,5,允王维后,,,
273,9,1,6,明昭有周,,,
273,10,1,6,式序在位,,,
273,11,1,7,载戢干戈,,,
273,12,1,7,载櫜弓矢,,,
273,13,1,8,我求懿德,,,
273,14,1,8,肆于时夏,,,
273,15,1,9,允王保之,,,
274,1,1,1,执竞武王,王,4,274-a
274,2,1,1,无竞维烈,,,
274,3,1,2,不显成康,康,4,274-a
274,4,1,2,上帝是皇,皇,4,274-a
274,5,1,3,自彼成康,康,4,274-a
274,6,1,3,奄有四方,方,4,274-a
274,7,1,3,斤斤其明,明,4,274-a
274,8,1,4,钟鼓喤喤,喤喤,3 4,274-a|274-a
274,9,1,4,磬筦将将,將將,3 4,274-a|274-a
274,10,1,4,降福穰穰,穰穰,3 4,274-a|274-a
274,11,1,5,降福简简,簡簡,3 4,274-b|274-b
274,12,1,5,威仪反反,反反,3 4,274-b|274-b
274,13,1,6,既醉既饱,,,
274,14,1,6,福禄来反,反,4,274-b
275,1,1,1,思文后稷,稷,4,275-a
275,2,1,1,克配彼天,天,4,275-b
275,3,1,1,立我烝民,民,4,275-b
275,4,1,1,莫匪尔极,極,4,275-a
275,5,1,2,贻我来牟,,,
275,6,1,2,帝命率育,,,
275,7,1,3,无比疆尔界,,,
275,8,1,3,陈常于时夏,,,
276,1,1,1,嗟嗟臣工,工,4,276-a
276,2,1,1,敬尔在公,公,4,276-a
276,3,1,2,王厘尔成,,,
276,4,1,2,来咨来茹,,,
276,5,1,3,嗟嗟保介,,,
276,6,1,3,维莫之春,,,
276,7,1,3,亦又何求,,,
276,8,1,3,如何新畬,,,
276,9,1,4,于皇来牟,,,
276,10,1,4,将受厥明,,,
276,11,1,5,明昭上帝,,,
276,12,1,5,迄用康年,,,
276,13,1,6,命我众人,,,
276,14,1,6,庤乃钱镈,,,
276,15,1,6,奄观铚艾,,,
277,1,1,1,噫嘻成王,,,
277,2,1,1,既昭假尔,,,
277,3,1,2,率时农夫,,,
277,4,1,2,播厥百谷,,,
277,5,1,3,骏发尔私,,,
277,6,1,3,终三十里,,,
277,7,1,4,亦服尔耕,,,
277,8,1,4,十千维耦,,,
278,1,1,1,振鹭于飞,,,
278,2,1,1,于彼西雝,雝,4,278-a
278,3,1,2,我客戾止,,,
278,4,1,2,亦有斯容,容,4,278-a
278,5,1,3,在彼无恶,惡,4,278-b
278,6,1,3,在此无斁,斁,4,278-b
278,7,1,4,庶几夙夜,夜,4,278-b
278,8,1,4,以永终誉,譽,4,278-b
279,1,1,1,丰年多黍多稌,黍稌,4 6,279-a|279-a
279,2,1,2,亦有高廪,,,
279,3,1,2,万亿及秭,秭,4,279-b
279,4,1,3,为酒为醴,醴,4,279-b
279,5,1,3,烝畀祖妣,妣,4,279-b
279,6,1,3,以洽百礼,禮,4,279-b
279,7,1,4,降福孔皆,皆,4,279-b
280,1,1,1,有瞽有瞽,瞽,4,280-a
280,2,1,1,在周之庭,庭,4,280-a
280,3,1,2,崇牙树羽,羽,4,280-a
280,4,1,2,应田县鼓,鼓,4,280-a
280,5,1,2,磬柷圉,圉,3,280-a
280,6,1,3,既备乃奏,,,
280,7,1,4,箫管备举,舉,4,280-a
280,8,1,5,喤喤厥声,聲,4,280-b
280,9,1,5,肃雝和鸣,鳴,4,280-b
280,10,1,5,先祖先听,聽,4,280-b
280,11,1,6,我客戾止,,,
280,12,1,6,永观厥成,成,4,280-b
281,1,1,1,猗与漆沮,沮,4,281-a
281,2,1,1,潜有多鱼,魚,4,281-a
281,3,1,1,有鳣有鲔,鮪,4,281-b
281,4,1,1,鲦鲿鲤,鯉,4,281-b
281,5,1,2,以享以祀,祀,4,281-c
281,6,1,2,以介景福,福,4,281-c
282,1,1,1,有来雝雝,雝雝,3 4,282-a|282-a
282,2,1,1,至止肃肃,肅肅,3 4,282-b|282-b
282,3,1,2,相维辟公,公,4,282-a
282,4,1,2,天子穆穆,穆穆,3 4,282-b|282-b
282,5,1,3,于荐广牡,牡,4,282-c
282,6,1,3,相予肆祀,祀,4,282-d
282,7,1,4,假哉皇考,考,4,282-c
282,8,1,4,绥予孝子,子,4,282-d
282,9,1,5,宣哲维人,人,4,282-e
282,10,1,5,文武维后,后,4,282-f
282,11,1,6,燕及皇天,天,4,282-e
282,12,1,6,克昌厥后,後,4,282-f
282,13,1,7,绥我眉寿,壽,4,282-g
282,14,1,7,介以繁祉,祉,4,282-h
282,15,1,8,既友烈考,考,4,282-g
282,16,1,8,亦友文母,母,4,282-h
283,1,1,1,载见辟王,王,4,283-a
283,2,1,1,曰求厥章,章,4,283-a
283,3,1,2,龙旗阳阳,陽,4,283-a
283,4,1,2,和铃央央,央央,3 4,283-a|283-a
283,5,1,3,鞗革有鸧,鶬,4,283-a
283,6,1,3,休有烈光,光,4,283-a
283,7,1,4,率见昭考,考,4,283-b
283,8,1,4,以考以享,享,4,283-a
283,9,1,4,以介眉寿,壽,4,283-b
283,10,1,5,永言保之,保,3,283-b
283,11,1,5,思皇多祜,祜,4,283-c
283,12,1,6,烈文辟公,,,
283,13,1,6,绥以多福,,,
283,14,1,6,俾缉熙于纯嘏,嘏,6,283-c
284,1,1,1,有客有客,,,
284,2,1,1,亦白其马,馬,4,284-a
284,3,1,2,有萋有且,且,4,284-a
284,4,1,2,敦琢其旅,旅,4,284-a
284,5,1,3,有客宿宿,,,
284,6,1,3,有客信信,,,
284,7,1,4,言授之絷,,,
284,8,1,4,以絷其马,馬,4,284-a
284,9,1,5,薄言追之,追,3,284-b
284,10,1,5,左右绥之,綏,3,284-b
284,11,1,6,既有淫威,威,4,284-c
284,12,1,6,降福孔夷,夷,4,284-c
285,1,1,1,于皇武王,,,
285,2,1,1,无竞维烈,,,
285,3,1,2,允文文王,,,
285,4,1,2,克开厥后,,,
285,5,1,3,嗣武受之,,,
285,6,1,3,胜殷遏刘,,,
285,7,1,3,耆定尔功,,,
286,1,1,1,闵予小子,,,
286,2,1,1,遭家不造,造,4,286-a
286,3,1,1,嬛嬛在疚,,,
286,4,1,2,于乎皇考,考,4,286-a
286,5,1,2,永世克孝,孝,4,286-a
286,6,1,3,念兹皇祖,,,
286,7,1,3,陟降庭止,庭,3,286-b
286,8,1,4,维予小子,,,
286,9,1,4,夙夜敬止,敬,3,286-b
286,10,1,5,于乎皇王,王,4,286-c
286,11,1,5,继序思不忘,忘,5,286-c
287,1,1,1,访予落止,止,4,287-a
287,2,1,1,率时昭考,,,
287,3,1,2,于乎悠哉,哉,4,287-a
287,4,1,2,朕未有艾,艾,4,287-b
287,5,1,3,将予就之,,,
287,6,1,3,继犹判涣,渙,4,287-b
287,7,1,4,维予小子,,,
287,8,1,4,未堪家多难,難,5,287-b
287,9,1,5,绍庭上下,下,4,287-c
287,10,1,5,陟降厥家,家,4,287-c
287,11,1,6,休矣皇考,,,
287,12,1,6,以保明其身,,,
288,1,1,1,敬之敬之,之,4,288-a
288,2,1,1,天维显思,思,4,288-a
288,3,1,1,命不易哉,哉,4,288-a
288,4,1,2,无曰高高在上,,,
288,5,1,2,陟降厥士,士,4,288-a
288,6,1,2,日监在兹,茲,4,288-a
288,7,1,3,维予小子,子,4,288-a
288,8,1,3,不聪敬止,止,4,288-a
288,9,1,4,日就月将,將,4,288-b
288,10,1,4,学有缉熙于光明,明,7,288-b
288,11,1,5,佛时仔肩,,,
288,12,1,5,示我显德行,行,5,288-b
289,1,1,1,予其惩,,,
289,2,1,2,而毖后患,,,
289,3,1,3,莫予荓蜂,,,
289,4,1,4,自求辛螫,,,
289,5,1,5,肇允彼桃虫,,,
289,6,1,6,拼飞维鸟,鳥,4,289-a
289,7,1,7,未堪家多难,,,
289,8,1,8,予又集于蓼,蓼,5,289-a
290,1,1,1,载芟载柞,柞,4,290-a
290,2,1,1,其耕泽泽,澤澤,3 4,290-a|290-a
290,3,1,2,千耦其耘,耘,4,290-b
290,4,1,2,徂湿徂畛,畛,4,290-b
290,5,1,3,侯主侯伯,伯,4,290-c
290,6,1,3,侯亚侯旅,旅,4,290-c
290,7,1,3,侯疆侯以,以,4,290-d
290,8,1,4,有嗿其馌,,,
290,9,1,4,思媚其妇,婦,4,290-d
290,10,1,4,有依其士,士,4,290-d
290,11,1,5,有略其耜,,,
290,12,1,5,俶载南亩,畝,4,290-d
290,13,1,6,播厥百谷,,,
290,14,1,6,实函斯活,活,4,290-e
290,15,1,7,驿驿其达,達,4,290-e
290,16,1,7,有厌其杰,傑,4,290-e
290,17,1,8,厌厌其苗,苗,4,290-f
290,18,1,8,绵绵其麃,麃,4,290-f
290,19,1,9,载获济济,濟濟,3 4,290-g|290-g
290,20,1,9,有实其积,,,
290,21,1,9,万亿及秭,秭,4,290-g
290,22,1,10,为酒为醴,,,
290,23,1,10,烝畀祖妣,妣,4,290-g
290,24,1,10,以洽百礼,禮,4,290-g
290,25,1,11,有其香,香,4,290-h
290,26,1,11,邦家之光,光,4,290-h
290,27,1,12,有椒其馨,馨,4,290-i
290,28,1,12,胡考之宁,寧,4,290-i
290,29,1,13,匪且有且,,,
290,30,1,13,匪今斯今,,,
290,31,1,13,振古如兹,,,
291,1,1,1,畟畟良耜,耜,4,291-a
291,2,1,1,俶载南亩,畝,4,291-a
291,3,1,2,播厥百谷,,,
291,4,1,2,实函斯活,,,
291,5,1,3,或来瞻女,女,4,291-b
291,6,1,3,载筐及筥,筥,4,291-b
291,7,1,3,其伊黍,黍,4,291-b
291,8,1,4,其笠伊纠,糾,4,291-c
291,9,1,4,其镈斯赵,趙,4,291-c
291,10,1,4,以薅荼蓼,蓼,4,291-c
291,11,1,5,荼蓼朽止,朽,3,291-d
291,12,1,5,黍稷茂止,茂,3,291-d
291,13,1,6,获之挃挃,挃挃,3 4,291-e|291-e
291,14,1,6,积之栗栗,栗栗,3 4,291-e|291-e
291,15,1,7,其崇如墉,,,
291,16,1,7,其比如栉,櫛,4,291-e
291,17,1,8,以开百室,室,4,291-e
291,18,1,9,百室盈止,盈,3,291-f
291,19,1,9,妇子宁止,寧,3,291-f
291,20,1,10,杀时犉牡,,,
291,21,1,10,有救其角,角,4,291-g
291,22,1,11,以似以续,續,4,291-g
291,23,1,11,续古之人,,,
292,1,1,1,丝衣其紑,紑,4,292-a
292,2,1,1,载弁俅俅,俅俅,3 4,292-a|292-a
292,3,1,2,自堂徂基,基,4,292-a
292,4,1,2,自羊徂牛,牛,4,292-a
292,5,1,3,鼐鼎及鼒,鼒,4,292-a
292,6,1,3,兕觥其觩,觩,4,292-b
292,7,1,4,旨酒思柔,柔,4,292-b
292,8,1,5,不吴不敖,,,
292,9,1,5,胡考之休,休,4,292-b
293,1,1,1,于铄王师,,,
293,2,1,1,遵养时晦,,,
293,3,1,2,时纯熙矣,,,
293,4,1,2,是用大介,,,
293,5,1,3,我龙受之,,,
293,6,1,3,王之造,,,
293,7,1,4,载用有嗣,,,
293,8,1,4,实维尔公允师,,,
294,1,1,1,绥万邦,,,
294,2,1,1,娄丰年,,,
294,3,1,2,天命匪解,,,
294,4,1,3,桓桓武王,王,4,294-a
294,5,1,3,保有厥士,士,4,294-b
294,6,1,4,于以四方,方,4,294-a
294,7,1,4,克定厥家,,,
294,8,1,5,于昭于天,,,
294,9,1,6,皇以闲之,之,4,294-b
295,1,1,1,文王既勤止,止,5,295-a
295,2,1,1,我应受之,之,4,295-a
295,3,1,2,敷时绎思,思,4,295-a
295,4,1,2,我徂维求定,定,5,295-b
295,5,1,3,时周之命,命,4,295-b
295,6,1,3,于绎思,思,3,295-a
296,1,1,1,于皇时周,,,
296,2,1,2,陟其高山,,,
296,3,1,2,嶞山乔岳,,,
296,4,1,2,允犹翕河,,,
296,5,1,3,敷天之下,,,
296,6,1,3,裒时之对,,,
296,7,1,3,时周之命,,,
297,1,1,1,牡马,馬,4,297-a
297,2,1,1,在坰之野,野,4,297-a
297,3,1,2,薄言者,者,4,297-a
297,4,1,2,有驈有皇,皇,4,297-b
297,5,1,2,有骊有黄,黃,4,297-b
297,6,1,2,以车彭彭,彭彭,3 4,297-b|297-b
297,7,1,3,思无疆,疆,3,297-b
297,8,1,3,思马斯臧,臧,4,297-b
297,9,2,1,牡马,馬,4,297-a
297,10,2,1,在坰之野,野,4,297-a
297,11,2,2,薄言者,者,4,297-a
297,12,2,2,有骓有,駓,4,297-b
297,13,2,2,有骍有骐,騏,4,297-b
297,14,2,2,以车伾伾,伾伾,3 4,297-b|297-b
297,15,2,3,思无期,期,3,297-b
297,16,2,3,思马斯作,作,4,297-b
297,17,3,1,牡马,馬,4,297-a
297,18,3,1,在坰之野,野,4,297-a
297,19,3,2,薄言者,者,4,297-a
297,20,3,2,有驒有骆,駱,4,297-b
297,21,3,2,有骝有雒,雒,4,297-b
297,22,3,2,以车绎绎,繹繹,3 4,297-b|297-b
297,23,3,3,思无斁,斁,3,297-b
297,24,3,3,思马斯才,才,4,297-b
297,25,4,1,牡马,馬,4,297-a
297,26,4,1,在坰之野,野,4,297-a
297,27,4,2,薄言者,者,4,297-a
297,28,4,2,有骃有騢,騢,4,297-b
297,29,4,2,有驔有鱼,魚,4,297-b
297,30,4,2,以车祛祛,祛祛,3 4,297-b|297-b
297,31,4,3,思无邪,邪,3,297-b
297,32,4,3,思马斯徂,徂,4,297-b
298,1,1,1,有駜有駜,,,
298,2,1,1,駜彼乘黄,黃,4,298-a
298,3,1,2,夙夜在公,,,
298,4,1,2,在公明明,明明,3 4,298-a|298-a
298,5,1,3,振振鹭,,,
298,6,1,3,鹭于下,下,3,298-b
298,7,1,4,鼓咽咽,,,
298,8,1,4,醉言舞,舞,3,298-b
298,9,1,5,于胥乐兮,,,
298,10,2,1,有駜有駜,,,
298,11,2,1,駜彼乘牡,牡,4,298-a
298,12,2,2,夙夜在公,,,
298,13,2,2,在公饮酒,酒,4,298-a
298,14,2,3,振振鹭,,,
298,15,2,3,鹭于飞,飛,3,298-b
298,16,2,4,鼓咽咽,,,
298,17,2,4,醉言归,歸,3,298-b
298,18,2,5,于胥乐兮,,,
298,19,3,1,有駜有駜,,,
298,20,3,1,駜彼乘駽,駽,4,298-a
298,21,3,2,夙夜在公,,,
298,22,3,2,在公载燕,燕,4,298-a
298,23,3,3,自今以始,始,4,298-b
298,24,3,3,岁其有,有,3,298-b
298,25,3,4,君子有谷,,,
298,26,3,4,诒孙子,子,3,298-b
298,27,3,5,于胥乐兮,,,
299,1,1,1,思乐泮水,,,
299,2,1,1,薄采其芹,芹,4,299-a
299,3,1,2,鲁侯戾止,,,
299,4,1,2,言观其旗,旂,4,299-a
299,5,1,3,其旗茷茷,茷茷,3 4,299-b|299-b
299,6,1,3,鸾声哕哕,噦噦,3 4,299-b|299-b
299,7,1,4,无小无大,大,4,299-b
299,8,1,4,从公于迈,邁,4,299-b
299,9,2,1,思乐泮水,,,
299,10,2,1,薄采其藻,藻,4,299-a
299,11,2,2,鲁侯戾止,,,
299,12,2,2,其马,蹻,4,299-a
299,13,2,3,其马,蹻蹻,3 4,299-a|299-a
299,14,2,3,其音昭昭,昭昭,3 4,299-a|299-a
299,15,2,4,载色载笑,笑,4,299-a
299,16,2,4,匪怒伊教,教,4,299-a
299,17,3,1,思乐泮水,,,
299,18,3,1,薄采其茆,茆,4,299-a
299,19,3,2,鲁侯戾止,,,
299,20,3,2,在泮饮酒,酒,4,299-a
299,21,3,3,既饮旨酒,酒,4,299-a
299,22,3,3,永锡难老,老,4,299-a
299,23,3,4,顺彼长道,道,4,299-a
299,24,3,4,屈此群丑,醜,4,299-a
299,25,4,1,穆穆鲁侯,,,
299,26,4,1,敬明其德,德,4,299-a
299,27,4,2,敬慎威仪,,,
299,28,4,2,维民之则,則,4,299-a
299,29,4,3,允文允武,武,4,299-b
299,30,4,3,昭假烈祖,祖,4,299-b
299,31,4,4,靡有不孝,,,
299,32,4,4,自求伊祜,祜,4,299-b
299,33,5,1,明明鲁侯,,,
299,34,5,1,克明其德,德,4,299-a
299,35,5,2,既作泮宫,,,
299,36,5,2,淮夷攸服,服,4,299-a
299,37,5,3,矫矫虎臣,,,
299,38,5,3,在泮献馘,馘,4,299-a
299,39,5,4,淑问如皋陶,陶,5,299-b
299,40,5,4,在泮献囚,囚,4,299-b
299,41,6,1,济济多士,,,
299,42,6,1,克广德心,心,4,299-a
299,43,6,2,桓桓于征,,,
299,44,6,2,狄彼东南,南,4,299-a
299,45,6,3,烝烝皇皇,皇皇,3 4,299-b|299-b
299,46,6,3,不吴不扬,揚,4,299-b
299,47,6,4,不告于讻,訩,4,299-c
299,48,6,4,在泮献功,功,4,299-c
299,49,7,1,角弓其觩,,,
299,50,7,1,束矢其搜,搜,4,299-a
299,51,7,2,戎车孔博,,,
299,52,7,2,徒御无斁,斁,4,299-a
299,53,7,3,既克淮夷,夷,4,299-b
299,54,7,3,孔淑不逆,逆,4,299-b
299,55,7,4,式固尔犹,猶,4,299-b
299,56,7,4,淮夷卒获,獲,4,299-b
299,57,8,1,翩彼飞鸮,,,
299,58,8,1,集于泮林,林,4,299-a
299,59,8,1,食我桑黮,黮,4,299-a
299,60,8,1,怀我好音,音,4,299-a
299,61,8,2,憬彼淮夷,,,
299,62,8,2,来献其琛,琛,4,299-a
299,63,8,2,元龟象齿,,,
299,64,8,2,大赂南金,金,4,299-a
300,1,1,1,閟宫有侐,,,
300,2,1,1,实实枚枚,枚枚,3 4,300-a|300-a
300,3,1,2,赫赫姜嫄,,,
300,4,1,2,其德不回,回,4,300-a
300,5,1,3,上帝是依,依,4,300-a
300,6,1,3,无灾无害,,,
300,7,1,4,弥月不迟,遲,4,300-b
300,8,1,4,是生后稷,,,
300,9,1,4,降之百福,福,4,300-b
300,10,1,5,黍稷重穋,穋,4,300-b
300,11,1,5,植稚菽麦,麥,4,300-b
300,12,1,6,奄有下国,國,4,300-b
300,13,1,6,俾民稼穑,穡,4,300-b
300,14,1,6,有稷有黍,黍,4,300-c
300,15,1,6,有稻有秬,秬,4,300-c
300,16,1,7,奄有下土,土,4,300-c
300,17,1,7,缵禹之绪,緒,4,300-c
300,18,2,1,后稷之孙,,,
300,19,2,1,实维大王,王,4,300-a
300,20,2,2,居岐之阳,陽,4,300-a
300,21,2,2,实始翦商,商,4,300-a
300,22,2,3,至于文武,武,4,300-b
300,23,2,3,缵大王之绪,緒,5,300-b
300,24,2,4,致天之届,,,
300,25,2,4,于牧之野,野,4,300-b
300,26,2,5,无贰无虞,虞,4,300-b
300,27,2,5,上帝临女,女,4,300-b
300,28,2,6,敦商之旅,旅,4,300-b
300,29,2,6,克咸厥功,,,
300,30,2,7,王曰叔父,父,4,300-b
300,31,2,7,建尔元子,,,
300,32,2,7,俾侯于鲁,魯,4,300-b
300,33,2,8,大启尔宇,宇,4,300-b
300,34,2,8,为周室辅,輔,4,300-b
300,35,3,1,乃命鲁公,公,4,300-a
300,36,3,1,俾侯于东,東,4,300-a
300,37,3,2,锡之山川,,,
300,38,3,2,土田附庸,庸,4,300-a
300,39,3,3,周公职孙,,,
300,40,3,3,庄公之子,子,4,300-b
300,41,3,4,龙旗承祀,祀,4,300-b
300,42,3,4,六辔耳耳,耳耳,3 4,300-b|300-b
300,43,3,5,春秋匪解,解,4,300-c
300,44,3,5,享祀不忒,忒,4,300-d
300,45,3,6,皇皇后帝,帝,4,300-c
300,46,3,6,皇祖后稷,稷,4,300-d
300,47,3,7,享以骍牺,犧,4,300-e
300,48,3,7,是飨是宜,宜,4,300-e
300,49,3,8,降福既多,多,4,300-e
300,50,3,8,周公皇祖,祖,4,300-f
300,51,3,8,亦其福女,女,4,300-f
300,52,4,1,秋而载尝,嘗,4,300-a
300,53,4,1,夏而楅衡,衡,4,300-a
300,54,4,2,白牡骍刚,剛,4,300-a
300,55,4,2,牺尊将将,將將,3 4,300-a|300-a
300,56,4,3,毛炰胾羹,羹,4,300-a
300,57,4,3,笾豆大房,房,4,300-a
300,58,4,4,万舞洋洋,洋,4,300-a
300,59,4,4,孝孙有庆,慶,4,300-a
300,60,4,5,俾尔炽而昌,昌,5,300-a
300,61,4,5,俾尔寿而臧,臧,5,300-a
300,62,4,6,保彼东方,方,4,300-a
300,63,4,6,鲁邦是常,常,4,300-a
300,64,4,7,不亏不崩,崩,4,300-b
300,65,4,7,不震不腾,騰,4,300-b
300,66,4,8,三寿作朋,朋,4,300-b
300,67,4,8,如冈如陵,陵,4,300-b
300,68,5,1,公车千乘,乘,4,300-a
300,69,5,1,朱英绿縢,縢,4,300-a
300,70,5,1,二矛重弓,弓,4,300-a
300,71,5,2,公徒三万,,,
300,72,5,2,贝胄朱綅,綅,4,300-a
300,73,5,3,烝徒增增,增增,3 4,300-a|300-a
300,74,5,3,戎狄是膺,膺,4,300-a
300,75,5,4,荆舒适惩,懲,4,300-a
300,76,5,4,则莫我敢承,承,5,300-a
300,77,5,5,俾尔昌而炽,熾,5,300-b
300,78,5,5,俾尔寿而富,富,5,300-b
300,79,5,5,黄发台背,背,4,300-b
300,80,5,5,寿胥与试,試,4,300-b
300,81,5,6,俾尔昌而大,大,5,300-c
300,82,5,6,俾尔耆而艾,艾,5,300-c
300,83,5,6,万有千岁,歲,4,300-c
300,84,5,6,眉寿无有害,害,5,300-c
300,85,6,1,泰山岩岩,巖,4,300-a
300,86,6,1,鲁邦所詹,詹,4,300-a
300,87,6,2,奄有龟蒙,蒙,4,300-b
300,88,6,2,遂荒大东,東,4,300-b
300,89,6,2,贝胄朱綅,,,
300,90,6,3,至于海邦,邦,4,300-b
300,91,6,3,淮夷来同,同,4,300-b
300,92,6,4,莫不率从,從,4,300-b
300,93,6,4,鲁侯之功,功,4,300-b
300,94,7,1,保有凫绎,繹,4,300-a
300,95,7,1,遂荒徐宅,宅,4,300-a
300,96,7,2,至于海邦,邦,4,300-b
300,97,7,2,淮夷蛮貊,貊,4,300-a
300,98,7,3,及彼南夷,,,
300,99,7,3,莫不率从,從,4,300-b
300,100,7,4,莫敢不诺,諾,4,300-a
300,101,7,4,鲁侯是若,若,4,300-a
300,102,8,1,天锡公纯嘏,嘏,5,300-a
300,103,8,1,眉寿保鲁,魯,4,300-a
300,104,8,2,居常与许,許,4,300-a
300,105,8,2,复周公之宇,宇,5,300-a
300,106,8,3,鲁侯燕喜,喜,4,300-b
300,107,8,3,令妻寿母,母,4,300-b
300,108,8,4,宜大夫庶士,士,5,300-b
300,109,8,4,邦国是有,有,4,300-b
300,110,8,5,既多受祉,祉,4,300-b
300,111,8,5,黄发儿齿,齒,4,300-b
300,112,9,1,徂来之松,,,
300,113,9,1,新甫之柏,柏,4,300-a
300,114,9,2,是断是度,度,4,300-a
300,115,9,2,是寻是尺,尺,4,300-a
300,116,9,3,松桷有舄,舄,4,300-a
300,117,9,3,路寝孔硕,碩,4,300-a
300,118,9,4,新庙奕奕,奕奕,3 4,300-a|300-a
300,119,9,4,奚斯所作,作,4,300-a
300,120,9,5,孔曼且硕,碩,4,300-a
300,121,9,5,万民是若,若,4,300-a
301,1,1,1,猗与那与,猗那,1 3,301-a|301-a
301,2,1,1,置我鼓,鼓,3,301-b
301,3,1,2,奏鼓简简,,,
301,4,1,2,衎我烈祖,祖,4,301-b
301,5,1,3,汤孙奏假,假,4,301-b
301,6,1,3,绥我思成,成,4,301-c
301,7,1,4,鼓渊渊,,,
301,8,1,4,嘒嘒管声,聲,4,301-c
301,9,1,5,既和且平,平,4,301-c
301,10,1,5,依我声声,聲聲,3 4,301-c|301-c
301,11,1,6,于赫汤孙,,,
301,12,1,6,穆穆厥声,聲,4,301-c
301,13,1,7,庸鼓有斁,斁,4,301-d
301,14,1,7,万舞有奕,奕,4,301-d
301,15,1,8,我有嘉客,客,4,301-d
301,16,1,8,亦不夷怿,懌,4,301-d
301,17,1,9,自古在昔,昔,4,301-d
301,18,1,9,先民有作,作,4,301-d
301,19,1,10,温恭朝夕,夕,4,301-d
301,20,1,10,执事有恪,恪,4,301-d
301,21,1,11,顾予烝尝,嘗,4,301-e
301,22,1,11,汤孙之将,將,4,301-e
302,1,1,1,嗟嗟烈祖,祖,4,302-a
302,2,1,1,有秩斯祜,祜,4,302-a
302,3,1,2,申锡无疆,,,
302,4,1,2,及尔思所,所,4,302-a
302,5,1,3,既载清酤,酤,4,302-a
302,6,1,3,赉我思成,成,4,302-b
302,7,1,4,亦有和羹,,,
302,8,1,4,既戒既平,平,4,302-b
302,9,1,5,鬷假无言,,,
302,10,1,5,时靡有争,爭,4,302-b
302,11,1,6,绥我眉寿,,,
302,12,1,6,黄耇无疆,疆,4,302-c
302,13,1,7,约軧错衡,衡,4,302-c
302,14,1,7,八鸾鸧鸧,鶬鶬,3 4,302-c|302-c
302,15,1,8,以假以享,享,4,302-c
302,16,1,8,我受命溥将,將,5,302-c
302,17,1,9,自天降康,康,4,302-c
302,18,1,9,丰年穰穰,穰穰,3 4,302-c|302-c
302,19,1,10,来假来飨,饗,4,302-c
302,20,1,10,降福无疆,疆,4,302-c
302,21,1,11,顾予烝尝,嘗,4,302-c
302,22,1,11,汤孙之将,將,4,302-c
303,1,1,1,天命玄鸟,,,
303,2,1,1,降而生商,商,4,303-a
303,3,1,1,宅殷土芒芒,芒芒,4 5,303-a|303-a
303,4,1,2,古帝命武汤,湯,5,303-a
303,5,1,2,正域彼四方,方,5,303-a
303,6,1,3,方命厥后,,,
303,7,1,3,奄有九有,有,4,303-b
303,8,1,4,商之先后,,,
303,9,1,4,受命不殆,殆,4,303-b
303,10,1,4,在武丁孙子,子,5,303-b
303,11,1,5,武丁孙子,,,
303,12,1,5,武王靡不胜,勝,5,303-c
303,13,1,6,龙旗十乘,乘,4,303-c
303,14,1,6,大饎是承,承,4,303-c
303,15,1,7,邦畿千里,里,4,303-d
303,16,1,7,维民所止,止,4,303-d
303,17,1,7,肇域彼四海,海,5,303-d
303,18,1,8,四海来假,,,
303,19,1,8,来假祁祁,祁祁,3 4,303-e|303-e
303,20,1,8,景员维河,河,4,303-e
303,21,1,9,殷受命咸宜,宜,5,303-e
303,22,1,9,百禄是何,何,4,303-e
304,1,1,1,濬哲维商,商,4,304-a
304,2,1,1,长发其祥,祥,4,304-a
304,3,1,2,洪水芒芒,芒芒,3 4,304-a|304-a
304,4,1,2,禹敷下土方,方,5,304-a
304,5,1,2,外大国是疆,疆,5,304-a
304,6,1,3,幅陨既长,長,4,304-a
304,7,1,3,有娀方将,將,4,304-a
304,8,1,3,帝立子生商,商,5,304-a
304,9,2,1,玄王桓拨,撥,4,304-a
304,10,2,1,受小国是达,達,5,304-a
304,11,2,1,受大国是达,達,5,304-a
304,12,2,2,率履不越,越,4,304-a
304,13,2,2,遂视既发,發,4,304-a
304,14,2,3,相土烈烈,烈烈,3 4,304-a|304-a
304,15,2,3,海外有截,截,4,304-a
304,16,3,1,帝命不违,違,4,304-a
304,17,3,1,至于汤齐,齊,4,304-a
304,18,3,2,汤降不遟,遟,4,304-a
304,19,3,2,圣敬日跻,躋,4,304-a
304,20,3,3,昭假迟遟,遲遟,3 4,304-a|304-a
304,21,3,3,上帝是祗,祗,4,304-a
304,22,3,3,帝命式于九围,圍,6,304-a
304,23,4,1,受小球大球,球,5,304-a
304,24,4,1,为下国缀旒,旒,5,304-a
304,25,4,2,何天之休,休,4,304-a
304,26,4,2,不竞不絿,絿,4,304-a
304,27,4,2,不刚不柔,柔,4,304-a
304,28,4,2,敷政优优,優優,3 4,304-a|304-a
304,29,4,2,百禄是遒,遒,4,304-a
304,30,5,1,受小共大共,共,5,304-a
304,31,5,1,为下国骏厖,厖,5,304-a
304,32,5,2,何天之龙,龍,4,304-a
304,33,5,2,敷奏其勇,勇,4,304-a
304,34,5,2,不震不动,動,4,304-a
304,35,5,2,不戁不竦,竦,4,304-a
304,36,5,2,百禄是总,總,4,304-a
304,37,6,1,武王载旆,旆,4,304-a
304,38,6,1,有虔秉钺,鉞,4,304-a
304,39,6,2,如火烈烈,烈烈,3 4,304-a|304-a
304,40,6,2,则莫我敢曷,曷,5,304-a
304,41,6,3,苞有三蘖,櫱,4,304-a
304,42,6,3,莫遂莫达,達,4,304-a
304,43,6,3,九有有截,截,4,304-a
304,44,6,4,韦顾既伐,伐,4,304-a
304,45,6,4,昆吾夏桀,桀,4,304-a
304,46,7,1,昔在中叶,葉,4,304-a
304,47,7,1,有震且业,業,4,304-a
304,48,7,2,允也天子,子,4,304-b
304,49,7,2,降于乡士,士,4,304-b
304,50,7,2,实维阿衡,衡,4,304-c
304,51,7,2,实左右商王,王,5,304-c
305,1,1,1,挞彼殷武,武,4,305-a
305,2,1,1,奋伐荆楚,楚,4,305-a
305,3,1,2,深入其阻,阻,4,305-a
305,4,1,2,裒荆之旅,旅,4,305-a
305,5,1,3,有截有所,所,4,305-a
305,6,1,3,汤孙之绪,緒,4,305-a
305,7,2,1,维女荆楚,,,
305,8,2,1,居国南乡,鄉,4,305-a
305,9,2,2,昔有成汤,湯,4,305-a
305,10,2,2,自彼氐羌,羌,4,305-a
305,11,2,2,莫干不来享,享,5,305-a
305,12,2,2,莫干不来王,王,5,305-a
305,13,2,2,曰商是常,常,4,305-a
305,14,3,1,天命多辟,辟,4,305-a
305,15,3,1,设都于禹之绩,績,6,305-a
305,16,3,2,岁事来辟,辟,4,305-a
305,17,3,2,勿予祸适,適,4,305-a
305,18,3,2,稼穑匪解,解,4,305-a
305,19,4,1,天命降监,監,4,305-a
305,20,4,1,下民有严,嚴,4,305-a
305,21,4,2,不僭不滥,濫,4,305-a
305,22,4,2,不敢怠遑,遑,4,305-a
305,23,4,3,命于下国,國,4,305-b
305,24,4,3,封建厥福,福,4,305-b
305,25,5,1,商邑翼翼,翼翼,3 4,305-a|305-a
305,26,5,1,四方之极,極,4,305-a
305,27,5,2,赫赫厥声,聲,4,305-b
305,28,5,2,濯濯厥灵,靈,4,305-b
305,29,5,3,寿考且宁,寧,4,305-b
305,30,5,3,以保我后生,生,5,305-b
305,31,6,1,陟彼景山,山,4,305-a
305,32,6,1,松柏丸丸,丸丸,3 4,305-a|305-a
305,33,6,2,是断是迁,遷,4,305-a
305,34,6,2,方斲是虔,虔,4,305-a
305,35,6,3,松桷有梴,梴,4,305-a
305,36,6,3,旅楹有闲,閑,4,305-a
305,37,6,3,寝成孔安,安,4,305-a
